Individual Identifier;Original Compound Name;Abbreviation / Synonymous Compound Name;Systematic Compound Name;PubChem Compound ID;ChEMBL Compound ID;DrugBank Accession Number;IUPHAR/Guide to Pharmacology Ligand ID;Chemical Abstract Service (CAS) Number;Chemical Class;Chemical Class Number;SMILES Code;CLogP (o/w);CLogS;"Molecular Weight (MW; g · mol-1)";Molar Refractivity (MR);"Topological Polar Surface Area (TPSA; Å)";H-bond Donors;H-bond Acceptors;Rotatable Bonds;Number of Heavy Atoms;ABCC1 Activation Span (µM);ABCC1 Assay 1 Used;Cellular Model of Assay 1;Cultivation Protocol / Condition of Cellular Model 1;Species of Cellular Model 1;Cellular Passport ID of Cellular Model 1;Cellosaurus Accession Code of Cellular Model 1;ATCC ID Cellular Model 1;PMID of Assay 1 / Cellular Model 1;ABCC1 Assay 2 Used;Cellular Model of Assay 2;Cultivation Protocol / Condition of Cellular Model 2;Species of Cellular Model 2;Cellular Passport ID of Cellular Model 2;Cellosaurus Accession Code of Cellular Model 2;ATCC ID Cellular Model 2;PMID of Assay 2 / Cellular Model 2;ABCC1 Assay 3 Used;Cellular Model of Assay 3;Cultivation Protocol / Condition of Cellular Model 3;Species of Cellular Model 3;Cellular Passport ID of Cellular Model 3;Cellosaurus Accession Code of Cellular Model 3;ATCC ID Cellular Model 3;PMID of Assay 3 / Cellular Model 3;ABCC1 Assay 4 Used;Cellular Model of Assay 4;Cultivation Protocol / Condition of Cellular Model 4;Species of Cellular Model 4;Cellular Passport ID of Cellular Model 4;Cellosaurus Accession Code of Cellular Model 4;ATCC ID Cellular Model 4;PMID of Assay 4 / Cellular Model 4;ABCC1 Assay 5 Used;Cellular Model of Assay 5;Cultivation Protocol / Condition of Cellular Model 5;Species of Cellular Model 5;Cellular Passport ID of Cellular Model 5;Cellosaurus Accession Code of Cellular Model 5;ATCC ID Cellular Model 5;PMID of Assay 5 / Cellular Model 5
ABCC1_Activation_Dataset_ID_0001;5,7-Diydroxy-4'-fluoroflavone;nd;2-(4-fluorophenyl)-5,7-dihydroxy-4H-chromen-4-one;5480904;CHEMBL486407;nd;nd;152969-67-0;Flavonoid (Analog);9;C1=CC(=CC=C1C2=CC(=O)C3=C(C=C(C=C3O2)O)O)F;2.99;-4.12;272.23;6.94;66.76;2;3;1;20;20;GSH Efflux;BHK-21;Transfected with Human ABCC1;Human;nd;CVCL_1914;CCL-10;24875445;nd;nd;nd;nd;nd;nd;nd;nd;nd;nd;nd;nd;nd;nd;nd;nd;nd;nd;nd;nd;nd;nd;nd;nd;nd;nd;nd;nd;nd;nd;nd;nd
ABCC1_Activation_Dataset_ID_0002;7-Hydroxyflavone;nd;7-hydroxy-2-phenyl-4H-chromen-4-one;5281894;CHEMBL276915;nd;nd;6665-86-7;Flavonoid (Analog);9;C1=CC=C(C=C1)C2=CC(=O)C3=C(O2)C=C(C=C3)O;3.12;-4.19;238.24;6.76;46.53;1;2;1;18;20;GSH Efflux;BHK-21;Transfected with Human ABCC1;Human;nd;CVCL_1914;CCL-10;24875445;nd;nd;nd;nd;nd;nd;nd;nd;nd;nd;nd;nd;nd;nd;nd;nd;nd;nd;nd;nd;nd;nd;nd;nd;nd;nd;nd;nd;nd;nd;nd;nd
ABCC1_Activation_Dataset_ID_0003;alpha-Glu-Cys-Gly;nd;N5-((R)-1-((2-carboxyethyl)amino)-3-mercapto-1-oxopropan-2-yl)-L-glutamine;440380;nd;nd;nd;18710-27-5;GSH (Analog);14;OC([C@@H](N)CCC(N[C@@H](CS)C(NCCC(O)=O)=O)=O)=O;-4.45;-0.57;321.35;7.66;197.62;7;7;10;21;1000;Estrone Sulfate Uptake;HeLa;Transfected with Human ABCC1 / Membrane Vesicles;Human;SIDM00846;CVCL_0030;CRM-CCL-2;12538817;nd;nd;nd;nd;nd;nd;nd;nd;nd;nd;nd;nd;nd;nd;nd;nd;nd;nd;nd;nd;nd;nd;nd;nd;nd;nd;nd;nd;nd;nd;nd;nd
ABCC1_Activation_Dataset_ID_0004;Apigenin;nd;5,7-dihydroxy-2-(4-hydroxyphenyl)-4H-chromen-4-one;5280443;CHEMBL28;DB07352;4136;520-36-5;Flavonoid (Analog);9;C1=CC(=CC=C1C2=CC(=O)C3=C(C=C(C=C3O2)O)O)O;2.53;-3.46;270.24;7.00;86.99;3;4;1;20;30-100;GSH Uptake;HeLa T5;Transfected with Human ABCC1 / Membrane Vesicles;Human;SIDM00846;CVCL_0030;CRM-CCL-2;11306701;Daunorubicin & Vinblastine Uptake;Panc-1;nd;Human;SIDM00610;CVCL_0480;CRL-1469;12532374;nd;nd;nd;nd;nd;nd;nd;nd;nd;nd;nd;nd;nd;nd;nd;nd;nd;nd;nd;nd;nd;nd;nd;nd
ABCC1_Activation_Dataset_ID_0005;Azidophenacyl-SG;nd;N5-((R)-3-((2-(4-azidophenyl)-2-oxoethyl)thio)-1-((carboxymethyl)amino)-1-oxopropan-2-yl)-L-glutamine;443120;CHEMBL1256813;nd;nd;73322-71-1;GSH (Analog);14;OC([C@@H](N)CCC(N[C@@H](CSCC(C1=CC=C(N=[N+]=[N-])C=C1)=O)C(NCC(O)=O)=O)=O)=O;-4.03;-2.99;466.48;11.50;200.61;7;10;14;32;100;Estrone Sulfate Uptake;HeLa;Transfected with Human ABCC1 / Membrane Vesicles;Human;SIDM00846;CVCL_0030;CRM-CCL-2;12538817;Estrone Sulfate Uptake;Sf9;Transfected with Human ABCC1 / Membrane Vesicles;Fall Armyworm;nd;CVCL_0549;CRL-1711;12138119;nd;nd;nd;nd;nd;nd;nd;nd;nd;nd;nd;nd;nd;nd;nd;nd;nd;nd;nd;nd;nd;nd;nd;nd
ABCC1_Activation_Dataset_ID_0006;Bu-SG;nd;N5-((R)-3-(butylthio)-1-((carboxymethyl)amino)-1-oxopropan-2-yl)-L-glutamine;14972243;nd;nd;nd;6803-16-3;GSH (Analog);14;OC([C@@H](N)CCC(N[C@H](C(NCC(O)=O)=O)CSCCCC)=O)=O;-3.04;-1.74;363.44;9.07;158.82;7;7;13;24;5000;Vincristine Uptake;HeLa T14;Transfected with Human ABCC1 / Membrane Vesicles;Human;SIDM00846;CVCL_0030;CRM-CCL-2;9823323;nd;nd;nd;nd;nd;nd;nd;nd;nd;nd;nd;nd;nd;nd;nd;nd;nd;nd;nd;nd;nd;nd;nd;nd;nd;nd;nd;nd;nd;nd;nd;nd
ABCC1_Activation_Dataset_ID_0007;Chlorpromazine;nd;3-(2-chloro-10H-phenothiazin-10-yl)-N,N-dimethylpropan-1-amine;2726;CHEMBL71;DB00477;83;50-53-3;Phenothiazine;17;CN(C)CCCN1C2=CC=CC=C2SC3=C1C=C(C=C3)Cl;4.62;-4.57;318.87;9.18;6.48;0;1;4;21;15;BCPCF Efflux;Human Erythrocytes ;nd;Human;nd;nd;nd;20023237;nd;nd;nd;nd;nd;nd;nd;nd;nd;nd;nd;nd;nd;nd;nd;nd;nd;nd;nd;nd;nd;nd;nd;nd;nd;nd;nd;nd;nd;nd;nd;nd
ABCC1_Activation_Dataset_ID_0008;Chrysin;nd;5,7-dihydroxy-2-phenyl-4H-chromen-4-one;5281607;CHEMBL117;DB15581;8789;480-40-0;Flavonoid (Analog);9;C1=CC=C(C=C1)C2=CC(=O)C3=C(C=C(C=C3O2)O)O;2.84;-3.82;254.24;6.89;66.76;2;3;1;19;20;GSH Efflux;BHK-21;Transfected with Human ABCC1;Human;nd;CVCL_1914;CCL-10;24875445;nd;nd;nd;nd;nd;nd;nd;nd;nd;nd;nd;nd;nd;nd;nd;nd;nd;nd;nd;nd;nd;nd;nd;nd;nd;nd;nd;nd;nd;nd;nd;nd
ABCC1_Activation_Dataset_ID_0009;Colchicine;nd;(S)-N-(1,2,3,10-tetramethoxy-9-oxo-5,6,7,9-tetrahydrobenzo[a]heptalen-7-yl)acetamide;6167;CHEMBL107;DB01394;2367;64-86-8;Tropolon Derivative;5;CC(=O)N[C@H]1CCC2=CC(=C(C(=C2C3=CC=C(C(=O)C=C13)OC)OC)OC)OC;2.21;-4.18;399.44;10.83;83.09;1;6;5;29;100;GSH Uptake;HeLa T14;Transfected with Human ABCC1 / Membrane Vesicles;Human;SIDM00846;CVCL_0030;CRM-CCL-2;9823323;nd;nd;nd;nd;nd;nd;nd;nd;nd;nd;nd;nd;nd;nd;nd;nd;nd;nd;nd;nd;nd;nd;nd;nd;nd;nd;nd;nd;nd;nd;nd;nd
ABCC1_Activation_Dataset_ID_0010;Daidzein;nd;7-hydroxy-3-(4-hydroxyphenyl)-4H-chromen-4-one;5281708;CHEMBL8145;DB13182;2828;486-66-8;Flavonoid (Analog);9;C1=CC(=CC=C1C2=COC3=C(C2=O)C=CC(=C3)O)O;2.19;-3.54;254.24;6.89;66.76;2;3;1;19;200;Rhodamine 123 Efflux;COR-L23/R;nd;Human;SIDM01204;CVCL_2008;nd;8980395;nd;nd;nd;nd;nd;nd;nd;nd;nd;nd;nd;nd;nd;nd;nd;nd;nd;nd;nd;nd;nd;nd;nd;nd;nd;nd;nd;nd;nd;nd;nd;nd
ABCC1_Activation_Dataset_ID_0011;Diethazine;nd;N,N-diethyl-2-(10H-phenothiazin-10-yl)ethan-1-amine;65535;nd;nd;nd;60-91-3;Phenothiazine;17;CCN(CC)CCN1C2=CC=CC=C2SC3=CC=CC=C31;4.24;-4.29;298.45;9.15;6.48;0;1;5;21;15;BCPCF Efflux;Human Erythrocytes ;nd;Human;nd;nd;nd;20023237;nd;nd;nd;nd;nd;nd;nd;nd;nd;nd;nd;nd;nd;nd;nd;nd;nd;nd;nd;nd;nd;nd;nd;nd;nd;nd;nd;nd;nd;nd;nd;nd
ABCC1_Activation_Dataset_ID_0012;Diltiazeme;nd;(2S,3S)-5-(2-(dimethylamino)ethyl)-2-(4-methoxyphenyl)-4-oxo-2,3,4,5-tetrahydrobenzo[b][1,4]thiazepin-3-yl acetate;39186;CHEMBL23;DB00343;2298;42399-41-7;Benzothiazepine;1;CC(=O)O[C@@H]1[C@@H](SC2=CC=CC=C2N(C1=O)CCN(C)C)C3=CC=C(C=C3)OC;3.26;-4.78;414.53;11.60;59.08;0;4;6;29;70;GSH Efflux;CCRF-CEM;Selected over 1000 ng/mL of Epirubicin;Human;SIDM00121;CVCL_0207;CCL-119;11448450;nd;nd;nd;nd;nd;nd;nd;nd;nd;nd;nd;nd;nd;nd;nd;nd;nd;nd;nd;nd;nd;nd;nd;nd;nd;nd;nd;nd;nd;nd;nd;nd
ABCC1_Activation_Dataset_ID_0013;Esculetin;nd;6,7-dihydroxy-2H-chromen-2-one;5281416;CHEMBL244743;nd;5180;305-01-1;Coumarin Derivative;18;C1=CC(=O)OC2=CC(=C(C=C21)O)O;1.63;-2.05;178.14;4.38;66.76;2;3;0;13;75;BCPCF Efflux;Human Erythrocytes ;nd;Human;nd;nd;nd;18225583;nd;nd;nd;nd;nd;nd;nd;nd;nd;nd;nd;nd;nd;nd;nd;nd;nd;nd;nd;nd;nd;nd;nd;nd;nd;nd;nd;nd;nd;nd;nd;nd
ABCC1_Activation_Dataset_ID_0014;Etoposide;nd;(5R,5aR,8aR,9S)-9-(((2R,4aR,6R,7R,8R,8aS)-7,8-dihydroxy-2-methylhexahydropyrano[3,2-d][1,3]dioxin-6-yl)oxy)-5-(4-hydroxy-3,5-dimethoxyphenyl)-5,8,8a,9-tetrahydrofuro[3',4':6,7]naphtho[2,3-d][1,3]dioxol-6(5aH)-one;36462;CHEMBL44657;DB00773;6815;33419-42-0;Podophyllotoxin;6;C[C@@H]1OC[C@@H]2[C@@H](O1)[C@@H]([C@H]([C@@H](O2)O[C@H]3[C@H]4COC(=O)[C@@H]4[C@@H](C5=CC6=C(C=C35)OCO6)C7=CC(=C(C(=C7)OC)O)OC)O)O;1.62;-3.82;588.56;14.03;160.83;3;12;5;42;10-200;GSH Efflux;CCRF-CEM;Selected over 1000 ng/mL of Epirubicin;Human;SIDM00121;CVCL_0207;CCL-119;11448450;GSH Uptake;HeLa T14;Transfected with Human ABCC1 / Membrane Vesicles;Human;SIDM00846;CVCL_0030;CRM-CCL-2;9823323;GSH Efflux;W9.5;nd;Mouse;nd;CVCL_WS26;nd;9393740;nd;nd;nd;nd;nd;nd;nd;nd;nd;nd;nd;nd;nd;nd;nd;nd
ABCC1_Activation_Dataset_ID_0015;Et-SG;nd;N5-((R)-1-((carboxymethyl)amino)-3-(ethylthio)-1-oxopropan-2-yl)-L-glutamine;107650;nd;nd;nd;24425-52-3;GSH (Analog);14;OC([C@H](CCC(N[C@@H](CSCC)C(NCC(O)=O)=O)=O)N)=O;-3.92;-1.02;335.38;8.12;158.82;7;7;11;22;1000;Estrone Sulfate Uptake;HeLa;Transfected with Human ABCC1 / Membrane Vesicles;Human;SIDM00846;CVCL_0030;CRM-CCL-2;12538817;Vincristine Uptake;HeLa T14;Transfected with Human ABCC1 / Membrane Vesicles;Human;SIDM00846;CVCL_0030;CRM-CCL-2;9823323;nd;nd;nd;nd;nd;nd;nd;nd;nd;nd;nd;nd;nd;nd;nd;nd;nd;nd;nd;nd;nd;nd;nd;nd
ABCC1_Activation_Dataset_ID_0016;Fisetin;nd;2-(3,4-dihydroxyphenyl)-3,7-dihydroxy-4H-chromen-4-one;5281614;CHEMBL31574;DB07795;5182;528-48-3;Flavonoid (Analog);9;C1=CC(=C(C=C1C2=C(C(=O)C3=C(O2)C=C(C=C3)O)O)O)O;2.31;-3.14;286.24;7.13;107.22;4;5;1;21;100;Daunorubicin & Vinblastine Uptake;Panc-1;nd;Human;SIDM00610;CVCL_0480;CRL-1469;12532374;nd;nd;nd;nd;nd;nd;nd;nd;nd;nd;nd;nd;nd;nd;nd;nd;nd;nd;nd;nd;nd;nd;nd;nd;nd;nd;nd;nd;nd;nd;nd;nd
ABCC1_Activation_Dataset_ID_0017;Flavon-N-benzamide Derivative 34;nd;N-(4-(5,7-dimethoxy-4-oxo-4H-chromen-2-yl)phenyl)-3-methoxybenzamide;nd;nd;nd;nd;nd;Flavonoid (Analog);9;COC(C=C1OC)=CC2=C1C(C=C(C3=CC=C(NC(C4=CC=CC(OC)=C4)=O)C=C3)O2)=O;4.32;-6.67;431.44;11.93;83.09;1;5;6;32;20;GSH Efflux;BHK-21;Transfected with Human ABCC1;Human;nd;CVCL_1914;CCL-10;24875445;nd;nd;nd;nd;nd;nd;nd;nd;nd;nd;nd;nd;nd;nd;nd;nd;nd;nd;nd;nd;nd;nd;nd;nd;nd;nd;nd;nd;nd;nd;nd;nd
ABCC1_Activation_Dataset_ID_0018;Flavon-N-benzamide Derivative 37;nd;N-(4-(5,7-dimethoxy-4-oxo-4H-chromen-2-yl)phenyl)-4-iodobenzamide;nd;nd;nd;nd;nd;Flavonoid (Analog);9;COC(C=C1OC)=CC2=C1C(C=C(C3=CC=C(NC(C4=CC=C(I)C=C4)=O)C=C3)O2)=O;5.51;-7.61;527.31;12.63;73.86;1;4;5;31;20;GSH Efflux;BHK-21;Transfected with Human ABCC1;Human;nd;CVCL_1914;CCL-10;24875445;nd;nd;nd;nd;nd;nd;nd;nd;nd;nd;nd;nd;nd;nd;nd;nd;nd;nd;nd;nd;nd;nd;nd;nd;nd;nd;nd;nd;nd;nd;nd;nd
ABCC1_Activation_Dataset_ID_0019;Flavonoid Derivative 1;Flavone;2-phenyl-4H-chromen-4-one;10680;CHEMBL275638;DB07776;409;525-82-6;Flavonoid (Analog);9;C1=CC=C(C=C1)C2=CC(=O)C3=CC=CC=C3O2;3.39;-4.55;222.24;6.63;26.30;0;1;1;17;20;GSH Efflux;BHK-21;Transfected with Human ABCC1;Human;nd;CVCL_1914;CCL-10;24875445;nd;nd;nd;nd;nd;nd;nd;nd;nd;nd;nd;nd;nd;nd;nd;nd;nd;nd;nd;nd;nd;nd;nd;nd;nd;nd;nd;nd;nd;nd;nd;nd
ABCC1_Activation_Dataset_ID_0020;Flavonoid Derivative 11;3-Methoxychrysin;5,7-dihydroxy-3-methoxy-2-phenyl-4H-chromen-4-one;5281946;CHEMBL1822221;nd;nd;6665-74-3;Flavonoid (Analog);9;O=C(C1=C(O)C=C(O)C=C1O2)C(OC)=C2C3=CC=CC=C3;2.88;-3.91;284.27;7.53;75.99;2;4;2;21;20;GSH Efflux;BHK-21;Transfected with Human ABCC1;Human;nd;CVCL_1914;CCL-10;24875445;nd;nd;nd;nd;nd;nd;nd;nd;nd;nd;nd;nd;nd;nd;nd;nd;nd;nd;nd;nd;nd;nd;nd;nd;nd;nd;nd;nd;nd;nd;nd;nd
ABCC1_Activation_Dataset_ID_0021;Flavonoid Derivative 12;6-Prenylchrysin;5,7-dihydroxy-6-(3-methylbut-2-en-1-yl)-2-phenyl-4H-chromen-4-one;443123;CHEMBL163972;nd;nd;50678-91-6;Flavonoid (Analog);9;O=C1C2=C(C(C/C=C(C)\C)=C(C=C2OC(C3=CC=CC=C3)=C1)O)O;3.88;-5.64;322.36;9.16;66.76;2;3;3;24;20;GSH Efflux;BHK-21;Transfected with Human ABCC1;Human;nd;CVCL_1914;CCL-10;24875445;nd;nd;nd;nd;nd;nd;nd;nd;nd;nd;nd;nd;nd;nd;nd;nd;nd;nd;nd;nd;nd;nd;nd;nd;nd;nd;nd;nd;nd;nd;nd;nd
ABCC1_Activation_Dataset_ID_0022;Flavonoid Derivative 13;6-Geranylchrysin;(E)-6-(3,7-dimethylocta-2,6-dien-1-yl)-5,7-dihydroxy-2-phenyl-4H-chromen-4-one;5281943;CHEMBL362945;nd;nd;nd;Flavonoid (Analog);9;C/C(C)=C\CC/C(C)=C/CC1=C(O)C2=C(OC(C3=CC=CC=C3)=CC2=O)C=C1O;4.74;-7.50;390.48;11.44;66.76;2;3;6;29;20;GSH Efflux;BHK-21;Transfected with Human ABCC1;Human;nd;CVCL_1914;CCL-10;24875445;nd;nd;nd;nd;nd;nd;nd;nd;nd;nd;nd;nd;nd;nd;nd;nd;nd;nd;nd;nd;nd;nd;nd;nd;nd;nd;nd;nd;nd;nd;nd;nd
ABCC1_Activation_Dataset_ID_0023;Flavonoid Derivative 14;8-Prenylchrysin;5,7-dihydroxy-8-(3-methylbut-2-en-1-yl)-2-phenyl-4H-chromen-4-one;5281903;CHEMBL166376;nd;nd;nd;Flavonoid (Analog);9;O=C1C2=C(C=C(C(C/C=C(C)\C)=C2OC(C3=CC=CC=C3)=C1)O)O;3.88;-5.64;322.36;9.16;66.76;2;3;3;24;20;GSH Efflux;BHK-21;Transfected with Human ABCC1;Human;nd;CVCL_1914;CCL-10;24875445;nd;nd;nd;nd;nd;nd;nd;nd;nd;nd;nd;nd;nd;nd;nd;nd;nd;nd;nd;nd;nd;nd;nd;nd;nd;nd;nd;nd;nd;nd;nd;nd
ABCC1_Activation_Dataset_ID_0024;Flavonoid Derivative 15;8-Geranylchrysin;(E)-8-(3,7-dimethylocta-2,6-dien-1-yl)-5,7-dihydroxy-2-phenyl-4H-chromen-4-one;5281944;CHEMBL192904;nd;nd;nd;Flavonoid (Analog);9;C/C(C)=C\CC/C(C)=C/CC1=C2C(C(C=C(C3=CC=CC=C3)O2)=O)=C(O)C=C1O;4.74;-7.50;390.48;11.44;66.76;2;3;6;29;20;GSH Efflux;BHK-21;Transfected with Human ABCC1;Human;nd;CVCL_1914;CCL-10;24875445;nd;nd;nd;nd;nd;nd;nd;nd;nd;nd;nd;nd;nd;nd;nd;nd;nd;nd;nd;nd;nd;nd;nd;nd;nd;nd;nd;nd;nd;nd;nd;nd
ABCC1_Activation_Dataset_ID_0025;Flavonoid Derivative 16;8-Dimethylallylgalangin;3,5,7-trihydroxy-8-(2-methylbut-3-en-2-yl)-2-phenyl-4H-chromen-4-one;5281950;CHEMBL189433;nd;nd;nd;Flavonoid (Analog);9;O=C(C1=C(O)C=C(O)C(C(C)(C)C=C)=C1O2)C(O)=C2C3=CC=CC=C3;4.87;-5.69;338.36;9.25;86.99;3;4;3;25;20;GSH Efflux;BHK-21;Transfected with Human ABCC1;Human;nd;CVCL_1914;CCL-10;24875445;nd;nd;nd;nd;nd;nd;nd;nd;nd;nd;nd;nd;nd;nd;nd;nd;nd;nd;nd;nd;nd;nd;nd;nd;nd;nd;nd;nd;nd;nd;nd;nd
ABCC1_Activation_Dataset_ID_0026;Flavonoid Derivative 17;8-Dimethylallyl-3-methoxychrysin;5,7-dihydroxy-3-methoxy-8-(2-methylbut-3-en-2-yl)-2-phenyl-4H-chromen-4-one;5281948;CHEMBL440025;nd;nd;nd;Flavonoid (Analog);9;O=C1C2=C(C=C(C(C(C)(C)C=C)=C2OC(C3=CC=CC=C3)=C1OC)O)O;5.13;-6.10;352.39;9.76;75.99;2;4;4;26;20;GSH Efflux;BHK-21;Transfected with Human ABCC1;Human;nd;CVCL_1914;CCL-10;24875445;nd;nd;nd;nd;nd;nd;nd;nd;nd;nd;nd;nd;nd;nd;nd;nd;nd;nd;nd;nd;nd;nd;nd;nd;nd;nd;nd;nd;nd;nd;nd;nd
ABCC1_Activation_Dataset_ID_0027;Flavonoid Derivative 18;8-Prenylgalangin;3,5,7-trihydroxy-8-(3-methylbut-2-en-1-yl)-2-phenyl-4H-chromen-4-one;5281619;CHEMBL2165001;nd;nd;42193-83-9;Flavonoid (Analog);9;O=C(C1=C(O)C=C(O)C(C/C=C(C)/C)=C1O2)C(O)=C2C3=CC=CC=C3;3.65;-5.32;338.36;9.30;86.99;3;4;3;25;20;GSH Efflux;BHK-21;Transfected with Human ABCC1;Human;nd;CVCL_1914;CCL-10;24875445;nd;nd;nd;nd;nd;nd;nd;nd;nd;nd;nd;nd;nd;nd;nd;nd;nd;nd;nd;nd;nd;nd;nd;nd;nd;nd;nd;nd;nd;nd;nd;nd
ABCC1_Activation_Dataset_ID_0028;Flavonoid Derivative 19;8-Prenyl-3-methoxychrysin;5,7-dihydroxy-3-methoxy-8-(3-methylbut-2-en-1-yl)-2-phenyl-4H-chromen-4-one;5281947;nd;nd;nd;nd;Flavonoid (Analog);9;O=C(C1=C(O)C=C(O)C(C/C=C(C)/C)=C1O2)C(OC)=C2C3=CC=CC=C3;3.91;-5.73;352.39;9.80;75.99;2;4;4;26;20;GSH Efflux;BHK-21;Transfected with Human ABCC1;Human;nd;CVCL_1914;CCL-10;24875445;nd;nd;nd;nd;nd;nd;nd;nd;nd;nd;nd;nd;nd;nd;nd;nd;nd;nd;nd;nd;nd;nd;nd;nd;nd;nd;nd;nd;nd;nd;nd;nd
ABCC1_Activation_Dataset_ID_0029;Flavonoid Derivative 2;5-Hydroxyflavone;5-hydroxy-2-phenyl-4H-chromen-4-one;68112;CHEMBL16807;nd;nd;491-78-1;Flavonoid (Analog);9;C1=CC=C(C=C1)C2=CC(=O)C3=C(C=CC=C3O2)O;3.08;-4.19;238.24;6.76;46.53;1;2;1;18;20;GSH Efflux;BHK-21;Transfected with Human ABCC1;Human;nd;CVCL_1914;CCL-10;24875445;nd;nd;nd;nd;nd;nd;nd;nd;nd;nd;nd;nd;nd;nd;nd;nd;nd;nd;nd;nd;nd;nd;nd;nd;nd;nd;nd;nd;nd;nd;nd;nd
ABCC1_Activation_Dataset_ID_0030;Flavonoid Derivative 23;5-Hydroxy-7-methoxy-4'-fluoroflavone;2-(4-fluorophenyl)-5-hydroxy-7-methoxy-4H-chromen-4-one;nd;nd;nd;nd;nd;Flavonoid (Analog);9;O=C(C1=C(O)C=C(OC)C=C1O2)C=C2C3=CC=C(F)C=C3;3.26;-4.53;286.26;7.46;55.76;1;3;2;21;20;GSH Efflux;BHK-21;Transfected with Human ABCC1;Human;nd;CVCL_1914;CCL-10;24875445;nd;nd;nd;nd;nd;nd;nd;nd;nd;nd;nd;nd;nd;nd;nd;nd;nd;nd;nd;nd;nd;nd;nd;nd;nd;nd;nd;nd;nd;nd;nd;nd
ABCC1_Activation_Dataset_ID_0031;Flavonoid Derivative 24;5,7-dimethoxy-4'-fluoroflavone;2-(4-fluorophenyl)-5,7-dimethoxy-4H-chromen-4-one;86023612;nd;nd;nd;nd;Flavonoid (Analog);9;O=C(C1=C(OC)C=C(OC)C=C1O2)C=C2C3=CC=C(F)C=C3;3.52;-4.94;300.29;7.97;44.76;0;3;3;22;20;GSH Efflux;BHK-21;Transfected with Human ABCC1;Human;nd;CVCL_1914;CCL-10;24875445;nd;nd;nd;nd;nd;nd;nd;nd;nd;nd;nd;nd;nd;nd;nd;nd;nd;nd;nd;nd;nd;nd;nd;nd;nd;nd;nd;nd;nd;nd;nd;nd
ABCC1_Activation_Dataset_ID_0032;Flavonoid Derivative 25;5,7-dihydroxy-4'-bromoflavone;2-(4-bromophenyl)-5,7-dihydroxy-4H-chromen-4-one;5480907;CHEMBL471181;nd;nd;152969-70-5;Flavonoid (Analog);9;O=C1C2=C(C=C(C=C2OC(C3=CC=C(C=C3)Br)=C1)O)O;3.64;-4.91;333.14;7.62;66.76;2;3;1;20;20;GSH Efflux;BHK-21;Transfected with Human ABCC1;Human;nd;CVCL_1914;CCL-10;24875445;nd;nd;nd;nd;nd;nd;nd;nd;nd;nd;nd;nd;nd;nd;nd;nd;nd;nd;nd;nd;nd;nd;nd;nd;nd;nd;nd;nd;nd;nd;nd;nd
ABCC1_Activation_Dataset_ID_0033;Flavonoid Derivative 26;5,7-dimethoxy-4'-ethoxyflavone;2-(4-ethoxyphenyl)-5,7-dimethoxy-4H-chromen-4-one;123172809;nd;nd;nd;nd;Flavonoid (Analog);9;O=C(C1=C(OC)C=C(OC)C=C1O2)C=C2C3=CC=C(OCC)C=C3;3.67;-5.03;326.35;9.01;53.99;0;4;5;24;20;GSH Efflux;BHK-21;Transfected with Human ABCC1;Human;nd;CVCL_1914;CCL-10;24875445;nd;nd;nd;nd;nd;nd;nd;nd;nd;nd;nd;nd;nd;nd;nd;nd;nd;nd;nd;nd;nd;nd;nd;nd;nd;nd;nd;nd;nd;nd;nd;nd
ABCC1_Activation_Dataset_ID_0034;Flavonoid Derivative 27;5,7-dihydroxy-4'-tert-butylflavone;2-(4-(tert-butyl)phenyl)-5,7-dihydroxy-4H-chromen-4-one;10686375;CHEMBL4104972;nd;nd;nd;Flavonoid (Analog);9;O=C1C2=C(O)C=C(O)C=C2OC(C3=CC=C(C(C)(C)C)C=C3)=C1;4.34;-5.84;310.35;8.69;66.76;2;3;1;23;20;GSH Efflux;BHK-21;Transfected with Human ABCC1;Human;nd;CVCL_1914;CCL-10;24875445;nd;nd;nd;nd;nd;nd;nd;nd;nd;nd;nd;nd;nd;nd;nd;nd;nd;nd;nd;nd;nd;nd;nd;nd;nd;nd;nd;nd;nd;nd;nd;nd
ABCC1_Activation_Dataset_ID_0035;Flavonoid Derivative 29;5,7-dimethoxy-4'-isopropyllflavone;2-(4-isopropylphenyl)-5,7-dimethoxy-4H-chromen-4-one;nd;nd;nd;nd;nd;Flavonoid (Analog);9;O=C(C1=C(OC)C=C(OC)C=C1O2)C=C2C3=CC=C(C(C)C)C=C3;4.51;-6.15;324.38;9.27;44.76;0;3;4;24;20;GSH Efflux;BHK-21;Transfected with Human ABCC1;Human;nd;CVCL_1914;CCL-10;24875445;nd;nd;nd;nd;nd;nd;nd;nd;nd;nd;nd;nd;nd;nd;nd;nd;nd;nd;nd;nd;nd;nd;nd;nd;nd;nd;nd;nd;nd;nd;nd;nd
ABCC1_Activation_Dataset_ID_0036;Flavonoid Derivative 3;5-aminoflavone;5-amino-2-phenyl-4H-chromen-4-one;10705021;CHEMBL443540;nd;nd;nd;Flavonoid (Analog);9;O=C(C1=C(C=CC=C1N)O2)C=C2C3=CC=CC=C3;2.71;-4.27;237.26;6.94;52.32;1;1;1;18;20;GSH Efflux;BHK-21;Transfected with Human ABCC1;Human;nd;CVCL_1914;CCL-10;24875445;nd;nd;nd;nd;nd;nd;nd;nd;nd;nd;nd;nd;nd;nd;nd;nd;nd;nd;nd;nd;nd;nd;nd;nd;nd;nd;nd;nd;nd;nd;nd;nd
ABCC1_Activation_Dataset_ID_0037;Flavonoid Derivative 30;5,7-dimethoxy-6-iodo-4'-isopropyllflavone;6-iodo-2-(4-isopropylphenyl)-5,7-dimethoxy-4H-chromen-4-one;nd;nd;nd;nd;nd;Flavonoid (Analog);9;O=C1C2=C(C(I)=C(C=C2OC(C3=CC=C(C=C3)C(C)C)=C1)OC)OC;5.66;-7.15;450.27;10.62;44.76;0;3;4;25;20;GSH Efflux;BHK-21;Transfected with Human ABCC1;Human;nd;CVCL_1914;CCL-10;24875445;nd;nd;nd;nd;nd;nd;nd;nd;nd;nd;nd;nd;nd;nd;nd;nd;nd;nd;nd;nd;nd;nd;nd;nd;nd;nd;nd;nd;nd;nd;nd;nd
ABCC1_Activation_Dataset_ID_0038;Flavonoid Derivative 32;5,7-dimethoxy-4'-aminoflavone;2-(4-aminophenyl)-5,7-dimethoxy-4H-chromen-4-one;71421834;nd;nd;nd;921942-45-2;Flavonoid (Analog);9;O=C1C2=C(OC)C=C(OC)C=C2OC(C3=CC=C(N)C=C3)=C1;2.70;-4.37;297.31;8.21;70.78;1;3;3;22;20;GSH Efflux;BHK-21;Transfected with Human ABCC1;Human;nd;CVCL_1914;CCL-10;24875445;nd;nd;nd;nd;nd;nd;nd;nd;nd;nd;nd;nd;nd;nd;nd;nd;nd;nd;nd;nd;nd;nd;nd;nd;nd;nd;nd;nd;nd;nd;nd;nd
ABCC1_Activation_Dataset_ID_0039;Flavonoid Derivative 4;6-Hydroxyflavone;6-hydroxy-2-phenyl-4H-chromen-4-one;72279;CHEMBL138649;nd;nd;6665-83-4;Flavonoid (Analog);9;O=C(C1=C(C=CC(O)=C1)O2)C=C2C3=CC=CC=C3;3.12;-4.19;238.24;6.76;46.53;1;2;1;18;20;GSH Efflux;BHK-21;Transfected with Human ABCC1;Human;nd;CVCL_1914;CCL-10;24875445;nd;nd;nd;nd;nd;nd;nd;nd;nd;nd;nd;nd;nd;nd;nd;nd;nd;nd;nd;nd;nd;nd;nd;nd;nd;nd;nd;nd;nd;nd;nd;nd
ABCC1_Activation_Dataset_ID_0040;Flavonoid Derivative 5;6-Aminoflavone;6-amino-2-phenyl-4H-chromen-4-one;16217320;CHEMBL1215529;nd;nd;4613-53-0;Flavonoid (Analog);9;O=C(C1=C(C=CC(N)=C1)O2)C=C2C3=CC=CC=C3;2.75;-4.27;237.26;6.93;52.32;1;1;1;18;20;GSH Efflux;BHK-21;Transfected with Human ABCC1;Human;nd;CVCL_1914;CCL-10;24875445;nd;nd;nd;nd;nd;nd;nd;nd;nd;nd;nd;nd;nd;nd;nd;nd;nd;nd;nd;nd;nd;nd;nd;nd;nd;nd;nd;nd;nd;nd;nd;nd
ABCC1_Activation_Dataset_ID_0041;Flavonoid Derivative 7;7-Methoxyflavone;7-methoxy-2-phenyl-4H-chromen-4-one;466268;CHEMBL16782;nd;nd;22395-22-8;Flavonoid (Analog);9;O=C(C1=C(C=C(OC)C=C1)O2)C=C2C3=CC=CC=C3;3.38;-4.60;252.27;7.27;35.53;0;2;2;19;20;GSH Efflux;BHK-21;Transfected with Human ABCC1;Human;nd;CVCL_1914;CCL-10;24875445;nd;nd;nd;nd;nd;nd;nd;nd;nd;nd;nd;nd;nd;nd;nd;nd;nd;nd;nd;nd;nd;nd;nd;nd;nd;nd;nd;nd;nd;nd;nd;nd
ABCC1_Activation_Dataset_ID_0042;Flavonoid Derivative 8;5-Hydroxy-7-ethoxyflavone;7-ethoxy-5-hydroxy-2-phenyl-4H-chromen-4-one;5391486;CHEMBL172517;nd;nd;nd;Flavonoid (Analog);9;O=C1C2=C(OC(C3=CC=CC=C3)=C1)C=C(C=C2O)OCC;3.45;-4.56;282.29;7.87;55.76;1;3;3;21;20;GSH Efflux;BHK-21;Transfected with Human ABCC1;Human;nd;CVCL_1914;CCL-10;24875445;nd;nd;nd;nd;nd;nd;nd;nd;nd;nd;nd;nd;nd;nd;nd;nd;nd;nd;nd;nd;nd;nd;nd;nd;nd;nd;nd;nd;nd;nd;nd;nd
ABCC1_Activation_Dataset_ID_0043;Flavonoid Dimer 1b;nd;2,2'-(((oxybis(ethane-2,1-diyl))bis(oxy))bis(4,1-phenylene))bis(5,7-dihydroxy-4H-chromen-4-one);44417619;CHEMBL216136;nd;nd;nd;Flavonoid (Analog);9;O=C1C=C(C2=CC=C(OCCOCCOC(C=C3)=CC=C3C(OC4=C5C(O)=CC(O)=C4)=CC5=O)C=C2)OC6=C1C(O)=CC(O)=C6;4.73;-8.30;610.57;15.88;161.21;4;9;10;45;0,1-2;GSH Efflux;BHK-21;Transfected with Human ABCC1;Human;nd;CVCL_1914;CCL-10;279840000;nd;nd;nd;nd;nd;nd;nd;nd;nd;nd;nd;nd;nd;nd;nd;nd;nd;nd;nd;nd;nd;nd;nd;nd;nd;nd;nd;nd;nd;nd;nd;nd
ABCC1_Activation_Dataset_ID_0044;Flavonoid Dimer 1c;nd;2,2'-((((ethane-1,2-diylbis(oxy))bis(ethane-2,1-diyl))bis(oxy))bis(4,1-phenylene))bis(5,7-dihydroxy-4H-chromen-4-one);16066850;CHEMBL215017 ;nd;nd;nd;Flavonoid (Analog);9;O=C1C=C(C2=CC=C(OCCOCCOCCOC(C=C3)=CC=C3C(OC4=C5C(O)=CC(O)=C4)=CC5=O)C=C2)OC6=C1C(O)=CC(O)=C6;4.40;-8.44;654.62;17.01;170.44;4;10;13;48;0,1-2;GSH Efflux;BHK-21;Transfected with Human ABCC1;Human;nd;CVCL_1914;CCL-10;27984000;nd;nd;nd;nd;nd;nd;nd;nd;nd;nd;nd;nd;nd;nd;nd;nd;nd;nd;nd;nd;nd;nd;nd;nd;nd;nd;nd;nd;nd;nd;nd;nd
ABCC1_Activation_Dataset_ID_0045;Flavonoid Dimer 1d;nd;2,2'-(((((oxybis(ethane-2,1-diyl))bis(oxy))bis(ethane-2,1-diyl))bis(oxy))bis(4,1-phenylene))bis(5,7-dihydroxy-4H-chromen-4-one);16215972;CHEMBL214738 ;nd;nd;nd;Flavonoid (Analog);9;O=C1C=C(C2=CC=C(OCCOCCOCCOCCOC(C=C3)=CC=C3C(OC4=C5C(O)=CC(O)=C4)=CC5=O)C=C2)OC6=C1C(O)=CC(O)=C6;4.07;-8.59;698.68;18.13;179.67;4;11;16;51;0,1-2;GSH Efflux;BHK-21;Transfected with Human ABCC1;Human;nd;CVCL_1914;CCL-10;27984000;nd;nd;nd;nd;nd;nd;nd;nd;nd;nd;nd;nd;nd;nd;nd;nd;nd;nd;nd;nd;nd;nd;nd;nd;nd;nd;nd;nd;nd;nd;nd;nd
ABCC1_Activation_Dataset_ID_0046;Flavonoid Dimer 1e;nd;2,2'-(((3,6,9,12-tetraoxatetradecane-1,14-diyl)bis(oxy))bis(4,1-phenylene))bis(5,7-dihydroxy-4H-chromen-4-one);44417620;CHEMBL267353;nd;nd;nd;Flavonoid (Analog);9;O=C1C=C(C2=CC=C(OCCOCCOCCOCCOCCOC(C=C3)=CC=C3C(OC4=C5C(O)=CC(O)=C4)=CC5=O)C=C2)OC6=C1C(O)=CC(O)=C6;3.74;-8.73;742.73;19.25;188.90;4;12;19;54;0,1-2;GSH Efflux;BHK-21;Transfected with Human ABCC1;Human;nd;CVCL_1914;CCL-10;27984000;nd;nd;nd;nd;nd;nd;nd;nd;nd;nd;nd;nd;nd;nd;nd;nd;nd;nd;nd;nd;nd;nd;nd;nd;nd;nd;nd;nd;nd;nd;nd;nd
ABCC1_Activation_Dataset_ID_0047;Flavonoid Dimer 1f;nd;2,2'-(((3,6,9,12,15-pentaoxaheptadecane-1,17-diyl)bis(oxy))bis(4,1-phenylene))bis(5,7-dihydroxy-4H-chromen-4-one);44417621;CHEMBL264380;nd;nd;nd;Flavonoid (Analog);9;O=C1C=C(C2=CC=C(OCCOCCOCCOCCOCCOCCOC(C=C3)=CC=C3C(OC4=C5C(O)=CC(O)=C4)=CC5=O)C=C2)OC6=C1C(O)=CC(O)=C6;3.41;-8.87;786.78;20.37;198.13;4;13;22;57;0,1-2;GSH Efflux;BHK-21;Transfected with Human ABCC1;Human;nd;CVCL_1914;CCL-10;27984000;nd;nd;nd;nd;nd;nd;nd;nd;nd;nd;nd;nd;nd;nd;nd;nd;nd;nd;nd;nd;nd;nd;nd;nd;nd;nd;nd;nd;nd;nd;nd;nd
ABCC1_Activation_Dataset_ID_0048;Flavonoid Dimer 1g;nd;2,2'-(((3,6,9,12,15,18-hexaoxaicosane-1,20-diyl)bis(oxy))bis(4,1-phenylene))bis(5,7-dihydroxy-4H-chromen-4-one);44417622;CHEMBL387435;nd;nd;nd;Flavonoid (Analog);9;O=C1C=C(C2=CC=C(OCCOCCOCCOCCOCCOCCOCCOC(C=C3)=CC=C3C(OC4=C5C(O)=CC(O)=C4)=CC5=O)C=C2)OC6=C1C(O)=CC(O)=C6;3.08;-9.02;830.84;21.48;207.36;4;14;25;60;0,1-2;GSH Efflux;BHK-21;Transfected with Human ABCC1;Human;nd;CVCL_1914;CCL-10;27984000;nd;nd;nd;nd;nd;nd;nd;nd;nd;nd;nd;nd;nd;nd;nd;nd;nd;nd;nd;nd;nd;nd;nd;nd;nd;nd;nd;nd;nd;nd;nd;nd
ABCC1_Activation_Dataset_ID_0049;Flavonoid Dimer 1h;nd;2,2'-(((3,6,9,12,15,18,21-heptaoxatricosane-1,23-diyl)bis(oxy))bis(4,1-phenylene))bis(5,7-dihydroxy-4H-chromen-4-one);44417623;CHEMBL214789;nd;nd;nd;Flavonoid (Analog);9;O=C1C=C(C2=CC=C(OCCOCCOCCOCCOCCOCCOCCOCCOC(C=C3)=CC=C3C(OC4=C5C(O)=CC(O)=C4)=CC5=O)C=C2)OC6=C1C(O)=CC(O)=C6;2.75;-9.16;874.89;22.60;216.59;4;15;28;63;0,1-2;GSH Efflux;BHK-21;Transfected with Human ABCC1;Human;nd;CVCL_1914;CCL-10;27984000;nd;nd;nd;nd;nd;nd;nd;nd;nd;nd;nd;nd;nd;nd;nd;nd;nd;nd;nd;nd;nd;nd;nd;nd;nd;nd;nd;nd;nd;nd;nd;nd
ABCC1_Activation_Dataset_ID_0050;Flavonoid Dimer 2b;nd;2,2'-(((oxybis(ethane-2,1-diyl))bis(oxy))bis(4,1-phenylene))bis(4H-chromen-4-one);44247937;CHEMBL539985;nd;nd;nd;Flavonoid (Analog);9;O=C1C=C(C2=CC=C(OCCOCCOC(C=C3)=CC=C3C(OC4=C5C=CC=C4)=CC5=O)C=C2)OC6=C1C=CC=C6;5.82;-9.75;546.58;15.39;80.29;0;5;10;41;0,1-2;GSH Efflux;BHK-21;Transfected with Human ABCC1;Human;nd;CVCL_1914;CCL-10;27984000;nd;nd;nd;nd;nd;nd;nd;nd;nd;nd;nd;nd;nd;nd;nd;nd;nd;nd;nd;nd;nd;nd;nd;nd;nd;nd;nd;nd;nd;nd;nd;nd
ABCC1_Activation_Dataset_ID_0051;Flavonoid Dimer 2c;nd;2,2'-((((ethane-1,2-diylbis(oxy))bis(ethane-2,1-diyl))bis(oxy))bis(4,1-phenylene))bis(4H-chromen-4-one);44247938;CHEMBL539147;nd;nd;nd;Flavonoid (Analog);9;O=C1C=C(C2=CC=C(OCCOCCOCCOC(C=C3)=CC=C3C(OC4=C5C=CC=C4)=CC5=O)C=C2)OC6=C1C=CC=C6;5.49;-9.89;590.63;16.52;89.52;0;6;13;44;0,1-2;GSH Efflux;BHK-21;Transfected with Human ABCC1;Human;nd;CVCL_1914;CCL-10;27984000;nd;nd;nd;nd;nd;nd;nd;nd;nd;nd;nd;nd;nd;nd;nd;nd;nd;nd;nd;nd;nd;nd;nd;nd;nd;nd;nd;nd;nd;nd;nd;nd
ABCC1_Activation_Dataset_ID_0052;Flavonoid Dimer 2d;nd;2,2'-(((((oxybis(ethane-2,1-diyl))bis(oxy))bis(ethane-2,1-diyl))bis(oxy))bis(4,1-phenylene))bis(4H-chromen-4-one);45269886;CHEMBL538668;nd;nd;nd;Flavonoid (Analog);9;O=C1C=C(C2=CC=C(OCCOCCOCCOCCOC(C=C3)=CC=C3C(OC4=C5C=CC=C4)=CC5=O)C=C2)OC6=C1C=CC=C6;5.15;-10.04;634.68;17.64;98.75;0;7;16;47;0,1-2;GSH Efflux;BHK-21;Transfected with Human ABCC1;Human;nd;CVCL_1914;CCL-10;27984000;nd;nd;nd;nd;nd;nd;nd;nd;nd;nd;nd;nd;nd;nd;nd;nd;nd;nd;nd;nd;nd;nd;nd;nd;nd;nd;nd;nd;nd;nd;nd;nd
ABCC1_Activation_Dataset_ID_0053;Flavonoid Dimer 2e;nd;2,2'-(((3,6,9,12-tetraoxatetradecane-1,14-diyl)bis(oxy))bis(4,1-phenylene))bis(4H-chromen-4-one);44248308;CHEMBL2172532;nd;nd;nd;Flavonoid (Analog);9;O=C1C=C(C2=CC=C(OCCOCCOCCOCCOCCOC(C=C3)=CC=C3C(OC4=C5C=CC=C4)=CC5=O)C=C2)OC6=C1C=CC=C6;4.82;-10.18;678.73;18.76;107.98;0;8;19;50;0,1-2;GSH Efflux;BHK-21;Transfected with Human ABCC1;Human;nd;CVCL_1914;CCL-10;27984000;nd;nd;nd;nd;nd;nd;nd;nd;nd;nd;nd;nd;nd;nd;nd;nd;nd;nd;nd;nd;nd;nd;nd;nd;nd;nd;nd;nd;nd;nd;nd;nd
ABCC1_Activation_Dataset_ID_0054;Flavonoid Dimer 2f;nd;2,2'-(((3,6,9,12,15-pentaoxaheptadecane-1,17-diyl)bis(oxy))bis(4,1-phenylene))bis(4H-chromen-4-one);44247939;CHEMBL553207 ;nd;nd;nd;Flavonoid (Analog);9;O=C1C=C(C2=CC=C(OCCOCCOCCOCCOCCOCCOC(C=C3)=CC=C3C(OC4=C5C=CC=C4)=CC5=O)C=C2)OC6=C1C=CC=C6;4.49;-10.32;722.79;19.88;117.21;0;9;22;53;0,1-2;GSH Efflux;BHK-21;Transfected with Human ABCC1;Human;nd;CVCL_1914;CCL-10;27984000;nd;nd;nd;nd;nd;nd;nd;nd;nd;nd;nd;nd;nd;nd;nd;nd;nd;nd;nd;nd;nd;nd;nd;nd;nd;nd;nd;nd;nd;nd;nd;nd
ABCC1_Activation_Dataset_ID_0055;Flavonoid Dimer 2g;nd;2,2'-(((3,6,9,12,15,18-hexaoxaicosane-1,20-diyl)bis(oxy))bis(4,1-phenylene))bis(4H-chromen-4-one);44248309;CHEMBL555600;nd;nd;nd;Flavonoid (Analog);9;O=C1C=C(C2=CC=C(OCCOCCOCCOCCOCCOCCOCCOC(C=C3)=CC=C3C(OC4=C5C=CC=C4)=CC5=O)C=C2)OC6=C1C=CC=C6;4.16;-10.46;766.84;20.99;126.44;0;10;25;56;0,1-2;GSH Efflux;BHK-21;Transfected with Human ABCC1;Human;nd;CVCL_1914;CCL-10;27984000;nd;nd;nd;nd;nd;nd;nd;nd;nd;nd;nd;nd;nd;nd;nd;nd;nd;nd;nd;nd;nd;nd;nd;nd;nd;nd;nd;nd;nd;nd;nd;nd
ABCC1_Activation_Dataset_ID_0056;Flavonoid Dimer 2h;nd;2,2'-(((3,6,9,12,15,18,21-heptaoxatricosane-1,23-diyl)bis(oxy))bis(4,1-phenylene))bis(4H-chromen-4-one);44248062;CHEMBL552648;nd;nd;nd;Flavonoid (Analog);9;O=C1C=C(C2=CC=C(OCCOCCOCCOCCOCCOCCOCCOCCOC(C=C3)=CC=C3C(OC4=C5C=CC=C4)=CC5=O)C=C2)OC6=C1C=CC=C6;3.83;-10.61;810.89;22.11;135.67;0;11;28;59;0,1-2;GSH Efflux;BHK-21;Transfected with Human ABCC1;Human;nd;CVCL_1914;CCL-10;27984000;nd;nd;nd;nd;nd;nd;nd;nd;nd;nd;nd;nd;nd;nd;nd;nd;nd;nd;nd;nd;nd;nd;nd;nd;nd;nd;nd;nd;nd;nd;nd;nd
ABCC1_Activation_Dataset_ID_0057;Flavonoid Dimer 2i;nd;2,2'-(((3,6,9,12,15,18,21,24-octaoxahexacosane-1,26-diyl)bis(oxy))bis(4,1-phenylene))bis(4H-chromen-4-one);44248430;CHEMBL558734;nd;nd;nd;Flavonoid (Analog);9;O=C1C=C(C2=CC=C(OCCOCCOCCOCCOCCOCCOCCOCCOCCOC(C=C3)=CC=C3C(OC4=C5C=CC=C4)=CC5=O)C=C2)OC6=C1C=CC=C6;3.50;-10.75;854.95;23.23;144.90;0;12;31;62;0,1-2;GSH Efflux;BHK-21;Transfected with Human ABCC1;Human;nd;CVCL_1914;CCL-10;27984000;nd;nd;nd;nd;nd;nd;nd;nd;nd;nd;nd;nd;nd;nd;nd;nd;nd;nd;nd;nd;nd;nd;nd;nd;nd;nd;nd;nd;nd;nd;nd;nd
ABCC1_Activation_Dataset_ID_0058;Flavonoid Dimer 2j;nd;2,2'-(((3,6,9,12,15,18,21,24,27,30,33,36-dodecaoxaoctatriacontane-1,38-diyl)bis(oxy))bis(4,1-phenylene))bis(4H-chromen-4-one);44248063;CHEMBL540483 ;nd;nd;nd;Flavonoid (Analog);9;O=C1C=C(C2=CC=C(OCCOCCOCCOCCOCCOCCOCCOCCOCCOCCOCCOCCOCCOC(C=C3)=CC=C3C(OC4=C5C=CC=C4)=CC5=O)C=C2)OC6=C1C=CC=C6;2.18;-11.32;1031.16;27.68;181.82;0;16;43;74;0,1-2;GSH Efflux;BHK-21;Transfected with Human ABCC1;Human;nd;CVCL_1914;CCL-10;27984000;nd;nd;nd;nd;nd;nd;nd;nd;nd;nd;nd;nd;nd;nd;nd;nd;nd;nd;nd;nd;nd;nd;nd;nd;nd;nd;nd;nd;nd;nd;nd;nd
ABCC1_Activation_Dataset_ID_0059;Flavonoid Dimer 3d;nd;2,2'-(((((oxybis(ethane-2,1-diyl))bis(oxy))bis(ethane-2,1-diyl))bis(oxy))bis(4,1-phenylene))bis(6-ethyl-4H-chromen-4-one);45272446;CHEMBL558735;nd;nd;nd;Flavonoid (Analog);9;O=C1C=C(C2=CC=C(OCCOCCOCCOCCOC(C=C3)=CC=C3C(OC4=C5C=C(CC)C=C4)=CC5=O)C=C2)OC6=C1C=C(CC)C=C6;6.77;-12.01;690.79;19.48;98.75;0;7;18;51;0,1-2;GSH Efflux;BHK-21;Transfected with Human ABCC1;Human;nd;CVCL_1914;CCL-10;27984000;nd;nd;nd;nd;nd;nd;nd;nd;nd;nd;nd;nd;nd;nd;nd;nd;nd;nd;nd;nd;nd;nd;nd;nd;nd;nd;nd;nd;nd;nd;nd;nd
ABCC1_Activation_Dataset_ID_0060;Flavonoid Dimer 3e;nd;2,2'-(((3,6,9,12-tetraoxatetradecane-1,14-diyl)bis(oxy))bis(4,1-phenylene))bis(6-ethyl-4H-chromen-4-one);44248431;CHEMBL539148 ;nd;nd;nd;Flavonoid (Analog);9;O=C1C=C(C2=CC=C(OCCOCCOCCOCCOCCOC(C=C3)=CC=C3C(OC4=C5C=C(CC)C=C4)=CC5=O)C=C2)OC6=C1C=C(CC)C=C6;6.44;-12.16;734.84;20.60;107.98;0;8;21;54;0,1-2;GSH Efflux;BHK-21;Transfected with Human ABCC1;Human;nd;CVCL_1914;CCL-10;27984000;nd;nd;nd;nd;nd;nd;nd;nd;nd;nd;nd;nd;nd;nd;nd;nd;nd;nd;nd;nd;nd;nd;nd;nd;nd;nd;nd;nd;nd;nd;nd;nd
ABCC1_Activation_Dataset_ID_0061;Flavonoid Dimer 3f;nd;2,2'-(((3,6,9,12,15-pentaoxaheptadecane-1,17-diyl)bis(oxy))bis(4,1-phenylene))bis(6-ethyl-4H-chromen-4-one);44248064;CHEMBL539149;nd;nd;nd;Flavonoid (Analog);9;O=C1C=C(C2=CC=C(OCCOCCOCCOCCOCCOCCOC(C=C3)=CC=C3C(OC4=C5C=C(CC)C=C4)=CC5=O)C=C2)OC6=C1C=C(CC)C=C6;6.11;-12.30;778.89;21.72;117.21;0;9;24;57;0,1-2;GSH Efflux;BHK-21;Transfected with Human ABCC1;Human;nd;CVCL_1914;CCL-10;27984000;nd;nd;nd;nd;nd;nd;nd;nd;nd;nd;nd;nd;nd;nd;nd;nd;nd;nd;nd;nd;nd;nd;nd;nd;nd;nd;nd;nd;nd;nd;nd;nd
ABCC1_Activation_Dataset_ID_0062;Flavonoid Dimer 4d;nd;2,2'-(((((oxybis(ethane-2,1-diyl))bis(oxy))bis(ethane-2,1-diyl))bis(oxy))bis(4,1-phenylene))bis(6-methyl-4H-chromen-4-one);45272447;CHEMBL555939;nd;nd;nd;Flavonoid (Analog);9;O=C1C=C(C2=CC=C(OCCOCCOCCOCCOC(C=C3)=CC=C3C(OC4=C5C=C(C)C=C4)=CC5=O)C=C2)OC6=C1C=C(C)C=C6;5.82;-10.98;662.73;18.53;98.75;0;7;16;49;0,1-2;GSH Efflux;BHK-21;Transfected with Human ABCC1;Human;nd;CVCL_1914;CCL-10;27984000;nd;nd;nd;nd;nd;nd;nd;nd;nd;nd;nd;nd;nd;nd;nd;nd;nd;nd;nd;nd;nd;nd;nd;nd;nd;nd;nd;nd;nd;nd;nd;nd
ABCC1_Activation_Dataset_ID_0063;Flavonoid Dimer 4e;nd;2,2'-(((3,6,9,12-tetraoxatetradecane-1,14-diyl)bis(oxy))bis(4,1-phenylene))bis(6-methyl-4H-chromen-4-one);44248179;CHEMBL539987;nd;nd;nd;Flavonoid (Analog);9;O=C1C=C(C2=CC=C(OCCOCCOCCOCCOCCOC(C=C3)=CC=C3C(OC4=C5C=C(C)C=C4)=CC5=O)C=C2)OC6=C1C=C(C)C=C6;5.49;-11.13;706.79;19.65;107.98;0;8;19;52;0,1-2;GSH Efflux;BHK-21;Transfected with Human ABCC1;Human;nd;CVCL_1914;CCL-10;27984000;nd;nd;nd;nd;nd;nd;nd;nd;nd;nd;nd;nd;nd;nd;nd;nd;nd;nd;nd;nd;nd;nd;nd;nd;nd;nd;nd;nd;nd;nd;nd;nd
ABCC1_Activation_Dataset_ID_0064;Flavonoid Dimer 4f;nd;2,2'-(((3,6,9,12,15-pentaoxaheptadecane-1,17-diyl)bis(oxy))bis(4,1-phenylene))bis(6-methyl-4H-chromen-4-one);44248432;CHEMBL539150;nd;nd;nd;Flavonoid (Analog);9;O=C1C=C(C2=CC=C(OCCOCCOCCOCCOCCOCCOC(C=C3)=CC=C3C(OC4=C5C=C(C)C=C4)=CC5=O)C=C2)OC6=C1C=C(C)C=C6;5.16;-11.27;750.84;20.77;117.21;0;9;22;55;0,1-2;GSH Efflux;BHK-21;Transfected with Human ABCC1;Human;nd;CVCL_1914;CCL-10;27984000;nd;nd;nd;nd;nd;nd;nd;nd;nd;nd;nd;nd;nd;nd;nd;nd;nd;nd;nd;nd;nd;nd;nd;nd;nd;nd;nd;nd;nd;nd;nd;nd
ABCC1_Activation_Dataset_ID_0065;Flavonoid Dimer 5d;nd;2,2'-(((((oxybis(ethane-2,1-diyl))bis(oxy))bis(ethane-2,1-diyl))bis(oxy))bis(4,1-phenylene))bis(7-methyl-4H-chromen-4-one);45270714;CHEMBL538177;nd;nd;nd;Flavonoid (Analog);9;O=C1C=C(C2=CC=C(OCCOCCOCCOCCOC(C=C3)=CC=C3C(OC4=C5C=CC(C)=C4)=CC5=O)C=C2)OC6=C1C=CC(C)=C6;5.82;-10.98;662.73;18.53;98.75;0;7;16;49;0,1-2;GSH Efflux;BHK-21;Transfected with Human ABCC1;Human;nd;CVCL_1914;CCL-10;27984000;nd;nd;nd;nd;nd;nd;nd;nd;nd;nd;nd;nd;nd;nd;nd;nd;nd;nd;nd;nd;nd;nd;nd;nd;nd;nd;nd;nd;nd;nd;nd;nd
ABCC1_Activation_Dataset_ID_0066;Flavonoid Dimer 5e;nd;2,2'-(((3,6,9,12-tetraoxatetradecane-1,14-diyl)bis(oxy))bis(4,1-phenylene))bis(7-methyl-4H-chromen-4-one);44248180;CHEMBL540167;nd;nd;nd;Flavonoid (Analog);9;O=C1C=C(C2=CC=C(OCCOCCOCCOCCOCCOC(C=C3)=CC=C3C(OC4=C5C=CC(C)=C4)=CC5=O)C=C2)OC6=C1C=CC(C)=C6;5.49;-11.13;706.79;19.65;107.98;0;8;19;52;0,1-2;GSH Efflux;BHK-21;Transfected with Human ABCC1;Human;nd;CVCL_1914;CCL-10;27984000;nd;nd;nd;nd;nd;nd;nd;nd;nd;nd;nd;nd;nd;nd;nd;nd;nd;nd;nd;nd;nd;nd;nd;nd;nd;nd;nd;nd;nd;nd;nd;nd
ABCC1_Activation_Dataset_ID_0067;Flavonoid Dimer 5f;nd;2,2'-(((3,6,9,12,15-pentaoxaheptadecane-1,17-diyl)bis(oxy))bis(4,1-phenylene))bis(7-methyl-4H-chromen-4-one);44248546;CHEMBL541677;nd;nd;nd;Flavonoid (Analog);9;O=C1C=C(C2=CC=C(OCCOCCOCCOCCOCCOCCOC(C=C3)=CC=C3C(OC4=C5C=CC(C)=C4)=CC5=O)C=C2)OC6=C1C=CC(C)=C6;5.16;-11.27;750.84;20.77;117.21;0;9;22;55;0,1-2;GSH Efflux;BHK-21;Transfected with Human ABCC1;Human;nd;CVCL_1914;CCL-10;27984000;nd;nd;nd;nd;nd;nd;nd;nd;nd;nd;nd;nd;nd;nd;nd;nd;nd;nd;nd;nd;nd;nd;nd;nd;nd;nd;nd;nd;nd;nd;nd;nd
ABCC1_Activation_Dataset_ID_0068;Flavonoid Dimer 6e;nd;2,2'-(((3,6,9,12-tetraoxatetradecane-1,14-diyl)bis(oxy))bis(4,1-phenylene))bis(3-methyl-4H-chromen-4-one);44248181;CHEMBL532047;nd;nd;nd;Flavonoid (Analog);9;O=C1C(C)=C(C2=CC=C(OCCOCCOCCOCCOCCOC(C=C3)=CC=C3C(OC4=C5C=CC=C4)=C(C)C5=O)C=C2)OC6=C1C=CC=C6;5.04;-10.21;706.79;19.67;107.98;0;8;19;52;0,1-2;GSH Efflux;BHK-21;Transfected with Human ABCC1;Human;nd;CVCL_1914;CCL-10;27984000;nd;nd;nd;nd;nd;nd;nd;nd;nd;nd;nd;nd;nd;nd;nd;nd;nd;nd;nd;nd;nd;nd;nd;nd;nd;nd;nd;nd;nd;nd;nd;nd
ABCC1_Activation_Dataset_ID_0069;Flavonoid Dimer 6f;nd;2,2'-(((3,6,9,12,15-pentaoxaheptadecane-1,17-diyl)bis(oxy))bis(4,1-phenylene))bis(3-methyl-4H-chromen-4-one);44248547;CHEMBL558751;nd;nd;nd;Flavonoid (Analog);9;O=C1C(C)=C(C2=CC=C(OCCOCCOCCOCCOCCOCCOC(C=C3)=CC=C3C(OC4=C5C=CC=C4)=C(C)C5=O)C=C2)OC6=C1C=CC=C6;4.71;-10.35;750.84;20.78;117.21;0;9;22;55;0,1-2;GSH Efflux;BHK-21;Transfected with Human ABCC1;Human;nd;CVCL_1914;CCL-10;27984000;nd;nd;nd;nd;nd;nd;nd;nd;nd;nd;nd;nd;nd;nd;nd;nd;nd;nd;nd;nd;nd;nd;nd;nd;nd;nd;nd;nd;nd;nd;nd;nd
ABCC1_Activation_Dataset_ID_0070;Flavonoid Dimer 7e;nd;2,2'-(((3,6,9,12-tetraoxatetradecane-1,14-diyl)bis(oxy))bis(4,1-phenylene))bis(7-fluoro-4H-chromen-4-one);44248182;CHEMBL538670;nd;nd;nd;Flavonoid (Analog);9;O=C1C=C(C2=CC=C(OCCOCCOCCOCCOCCOC(C=C3)=CC=C3C(OC4=C5C=CC(F)=C4)=CC5=O)C=C2)OC6=C1C=CC(F)=C6;5.20;-10.77;714.71;18.90;107.98;0;8;19;52;0,1-2;GSH Efflux;BHK-21;Transfected with Human ABCC1;Human;nd;CVCL_1914;CCL-10;27984000;nd;nd;nd;nd;nd;nd;nd;nd;nd;nd;nd;nd;nd;nd;nd;nd;nd;nd;nd;nd;nd;nd;nd;nd;nd;nd;nd;nd;nd;nd;nd;nd
ABCC1_Activation_Dataset_ID_0071;Flavonoid Dimer 7f;nd;2,2'-(((3,6,9,12,15-pentaoxaheptadecane-1,17-diyl)bis(oxy))bis(4,1-phenylene))bis(7-fluoro-4H-chromen-4-one);44248307;CHEMBL559143;nd;nd;nd;Flavonoid (Analog);9;O=C1C=C(C2=CC=C(OCCOCCOCCOCCOCCOCCOC(C=C3)=CC=C3C(OC4=C5C=CC(F)=C4)=CC5=O)C=C2)OC6=C1C=CC(F)=C6;4.87;-10.91;758.77;20.02;117.21;0;9;22;55;0,1-2;GSH Efflux;BHK-21;Transfected with Human ABCC1;Human;nd;CVCL_1914;CCL-10;27984000;nd;nd;nd;nd;nd;nd;nd;nd;nd;nd;nd;nd;nd;nd;nd;nd;nd;nd;nd;nd;nd;nd;nd;nd;nd;nd;nd;nd;nd;nd;nd;nd
ABCC1_Activation_Dataset_ID_0072;Formaldehyde;nd;formaldehyde;712;CHEMBL1255;DB03843;nd;50-00-0;Simple Ketone;10;C=O;-0.20;0.68;30.03;0.83;17.07;0;1;0;2;0,1-0,5;GSH Efflux;OLN-91;nd;Rat;nd;nd;nd;23017599;nd;nd;nd;nd;nd;nd;nd;nd;nd;nd;nd;nd;nd;nd;nd;nd;nd;nd;nd;nd;nd;nd;nd;nd;nd;nd;nd;nd;nd;nd;nd;nd
ABCC1_Activation_Dataset_ID_0073;Galangin;nd;3,5,7-trihydroxy-2-phenyl-4H-chromen-4-one;5281616;CHEMBL309490;nd;410;548-83-4;Flavonoid (Analog);9;C1=CC=C(C=C1)C2=C(C(=O)C3=C(C=C(C=C3O2)O)O)O;2.61;-3.50;270.24;7.01;86.99;3;4;1;20;20-100;GSH Efflux;BHK-21;Transfected with Human ABCC1;Human;nd;CVCL_1914;CCL-10;24875445;Daunorubicin & Vinblastine Uptake;Panc-1;nd;Human;SIDM00610;CVCL_0480;CRL-1469;12532374;nd;nd;nd;nd;nd;nd;nd;nd;nd;nd;nd;nd;nd;nd;nd;nd;nd;nd;nd;nd;nd;nd;nd;nd
ABCC1_Activation_Dataset_ID_0074;gamma-Glu-Ala-Gly;nd;N5-((S)-1-((carboxymethyl)amino)-1-oxopropan-2-yl)-L-glutamine;5489007;nd;nd;nd;16305-88-7;GSH (Analog);14;OC([C@H](CCC(N[C@@H](C)C(NCC(O)=O)=O)=O)N)=O;-4.65;-0.03;275.26;6.42;158.82;7;7;8;19;1000;Estrone Sulfate Uptake;HeLa;Transfected with Human ABCC1 / Membrane Vesicles;Human;SIDM00846;CVCL_0030;CRM-CCL-2;12538817;nd;nd;nd;nd;nd;nd;nd;nd;nd;nd;nd;nd;nd;nd;nd;nd;nd;nd;nd;nd;nd;nd;nd;nd;nd;nd;nd;nd;nd;nd;nd;nd
ABCC1_Activation_Dataset_ID_0075;gamma-Glu-BzlCys-Gly;nd;N5-((R)-1-((carboxymethyl)amino)-1-oxo-3-(phenylthio)propan-2-yl)-L-glutamine;101588786;nd;nd;nd;nd;GSH (Analog);14;OC([C@@H](N)CCC(N[C@@H](CSC1=CC=CC=C1)C(NCC(O)=O)=O)=O)=O;-2.78;-2.52;383.42;9.72;158.82;7;7;11;26;1000;Estrone Sulfate Uptake;HeLa;Transfected with Human ABCC1 / Membrane Vesicles;Human;SIDM00846;CVCL_0030;CRM-CCL-2;12538817;nd;nd;nd;nd;nd;nd;nd;nd;nd;nd;nd;nd;nd;nd;nd;nd;nd;nd;nd;nd;nd;nd;nd;nd;nd;nd;nd;nd;nd;nd;nd;nd
ABCC1_Activation_Dataset_ID_0076;gamma-Glu-Cys-alpha-Glu;nd;((S)-4-amino-4-carboxybutanoyl)-L-cysteinylglutamic acid;nd;nd;nd;nd;nd;GSH (Analog);14;OC([C@@H](N)CCC(N[C@@H](CS)C(NC(CCC(O)=O)C(O)=O)=O)=O)=O;-4.38;-0.77;379.39;8.80;234.92;9;9;12;25;1000;Estrone Sulfate Uptake;HeLa;Transfected with Human ABCC1 / Membrane Vesicles;Human;SIDM00846;CVCL_0030;CRM-CCL-2;12538817;nd;nd;nd;nd;nd;nd;nd;nd;nd;nd;nd;nd;nd;nd;nd;nd;nd;nd;nd;nd;nd;nd;nd;nd;nd;nd;nd;nd;nd;nd;nd;nd
ABCC1_Activation_Dataset_ID_0077;gamma-Glu-Gly-Gly;nd;N5-(2-((carboxymethyl)amino)-2-oxoethyl)-L-glutamine;6992509;nd;nd;nd;13640-39-6;GSH (Analog);14;OC([C@@H](N)CCC(NCC(NCC(O)=O)=O)=O)=O;-5.11;0.30;261.23;5.96;158.82;7;7;8;18;1000;Estrone Sulfate Uptake;HeLa;Transfected with Human ABCC1 / Membrane Vesicles;Human;SIDM00846;CVCL_0030;CRM-CCL-2;12538817;nd;nd;nd;nd;nd;nd;nd;nd;nd;nd;nd;nd;nd;nd;nd;nd;nd;nd;nd;nd;nd;nd;nd;nd;nd;nd;nd;nd;nd;nd;nd;nd
ABCC1_Activation_Dataset_ID_0078;gamma-Glu-homoPhe-Gly;nd;N5-((S)-1-((carboxymethyl)amino)-1-oxo-4-phenylbutan-2-yl)-L-glutamine;nd;nd;nd;nd;nd;GSH (Analog);14;OC([C@@H](N)CCC(N[C@@H](CCC1=CC=CC=C1)C(NCC(O)=O)=O)=O)=O;-2.67;-1.73;365.39;9.45;158.82;7;7;11;26;1000;Estrone Sulfate Uptake;HeLa;Transfected with Human ABCC1 / Membrane Vesicles;Human;SIDM00846;CVCL_0030;CRM-CCL-2;12538817;nd;nd;nd;nd;nd;nd;nd;nd;nd;nd;nd;nd;nd;nd;nd;nd;nd;nd;nd;nd;nd;nd;nd;nd;nd;nd;nd;nd;nd;nd;nd;nd
ABCC1_Activation_Dataset_ID_0079;gamma-Glu-Leu-Gly;nd;N5-((S)-1-((carboxymethyl)amino)-4-methyl-1-oxopentan-2-yl)-L-glutamine;44319842;CHEMBL87766;nd;nd;nd;GSH (Analog);14;OC([C@H](CCC(N[C@@H](CC(C)C)C(NCC(O)=O)=O)=O)N)=O;-3.23;-1.26;317.34;7.82;158.82;7;7;10;22;1000;Estrone Sulfate Uptake;HeLa;Transfected with Human ABCC1 / Membrane Vesicles;Human;SIDM00846;CVCL_0030;CRM-CCL-2;12538817;nd;nd;nd;nd;nd;nd;nd;nd;nd;nd;nd;nd;nd;nd;nd;nd;nd;nd;nd;nd;nd;nd;nd;nd;nd;nd;nd;nd;nd;nd;nd;nd
ABCC1_Activation_Dataset_ID_0080;gamma-Glu-Met-Gly;nd;N5-((S)-1-((carboxymethyl)amino)-4-(methylthio)-1-oxobutan-2-yl)-L-glutamine;nd;nd;nd;nd;nd;GSH (Analog);14;OC([C@H](CCC(N[C@@H](CCSC)C(NCC(O)=O)=O)=O)N)=O;-3.99;-0.90;335.38;8.11;158.82;7;7;11;22;1000;Estrone Sulfate Uptake;HeLa;Transfected with Human ABCC1 / Membrane Vesicles;Human;SIDM00846;CVCL_0030;CRM-CCL-2;12538817;nd;nd;nd;nd;nd;nd;nd;nd;nd;nd;nd;nd;nd;nd;nd;nd;nd;nd;nd;nd;nd;nd;nd;nd;nd;nd;nd;nd;nd;nd;nd;nd
ABCC1_Activation_Dataset_ID_0081;gamma-Glu-Phe-Gly;nd;N5-((S)-1-((carboxymethyl)amino)-1-oxo-3-phenylpropan-2-yl)-L-glutamine;nd;nd;nd;nd;nd;GSH (Analog);14;OC([C@@H](N)CCC(N[C@@H](CC1=CC=CC=C1)C(NCC(O)=O)=O)=O)=O;-3.11;-1.53;351.36;8.97;158.82;7;7;10;25;1000;Estrone Sulfate Uptake;HeLa;Transfected with Human ABCC1 / Membrane Vesicles;Human;SIDM00846;CVCL_0030;CRM-CCL-2;12538817;nd;nd;nd;nd;nd;nd;nd;nd;nd;nd;nd;nd;nd;nd;nd;nd;nd;nd;nd;nd;nd;nd;nd;nd;nd;nd;nd;nd;nd;nd;nd;nd
ABCC1_Activation_Dataset_ID_0082;gamma-Glu-Ser-Gly;nd;N5-((S)-1-((carboxymethyl)amino)-3-hydroxy-1-oxopropan-2-yl)-L-glutamine;6336027;nd;nd;nd;nd;GSH (Analog);14;OC([C@H](CCC(N[C@@H](CO)C(NCC(O)=O)=O)=O)N)=O;-5.68;0.50;291.26;6.57;179.05;8;8;9;20;1000;Estrone Sulfate Uptake;HeLa;Transfected with Human ABCC1 / Membrane Vesicles;Human;SIDM00846;CVCL_0030;CRM-CCL-2;12538817;nd;nd;nd;nd;nd;nd;nd;nd;nd;nd;nd;nd;nd;nd;nd;nd;nd;nd;nd;nd;nd;nd;nd;nd;nd;nd;nd;nd;nd;nd;nd;nd
ABCC1_Activation_Dataset_ID_0083;gamma-Glu-Thr-Gly;nd;N5-((2S,3R)-1-((carboxymethyl)amino)-3-hydroxy-1-oxobutan-2-yl)-L-glutamine;168432191;nd;nd;nd;nd;GSH (Analog);14;OC([C@@H](N)CCC(N[C@@H]([C@H](O)C)C(NCC(O)=O)=O)=O)=O;-5.22;0.17;305.29;7.02;179.05;8;8;9;21;1000;Estrone Sulfate Uptake;HeLa;Transfected with Human ABCC1 / Membrane Vesicles;Human;SIDM00846;CVCL_0030;CRM-CCL-2;12538817;nd;nd;nd;nd;nd;nd;nd;nd;nd;nd;nd;nd;nd;nd;nd;nd;nd;nd;nd;nd;nd;nd;nd;nd;nd;nd;nd;nd;nd;nd;nd;nd
ABCC1_Activation_Dataset_ID_0084;gamma-Glu-Val-Gly;nd;N5-((S)-1-((carboxymethyl)amino)-3-methyl-1-oxobutan-2-yl)-L-glutamine;25099093;nd;nd;nd;38837-70-6;GSH (Analog);14;OC([C@H](CCC(N[C@@H](C(C)C)C(NCC(O)=O)=O)=O)N)=O;-3.68;-0.43;303.32;7.35;158.82;7;7;9;21;1000;Estrone Sulfate Uptake;HeLa;Transfected with Human ABCC1 / Membrane Vesicles;Human;SIDM00846;CVCL_0030;CRM-CCL-2;12538817;nd;nd;nd;nd;nd;nd;nd;nd;nd;nd;nd;nd;nd;nd;nd;nd;nd;nd;nd;nd;nd;nd;nd;nd;nd;nd;nd;nd;nd;nd;nd;nd
ABCC1_Activation_Dataset_ID_0085;Genistein;nd;5,7-dihydroxy-3-(4-hydroxyphenyl)-4H-chromen-4-one;5280961;CHEMBL44;DB01645;2826;446-72-0;Flavonoid (Analog);9;C1=CC(=CC=C1C2=COC3=CC(=CC(=C3C2=O)O)O)O;1.92;-3.17;270.24;7.01;86.99;3;4;1;20;30-200;GSH Efflux;CCRF-CEM;Selected over 1000 ng/mL of Epirubicin;Human;SIDM00121;CVCL_0207;CCL-119;11448450;GSH Uptake;HeLa T5;Transfected with Human ABCC1 / Membrane Vesicles;Human;SIDM00846;CVCL_0030;CRM-CCL-2;11306701;Rhodamine 123 Efflux;COR-L23/R;nd;Human;SIDM01204;CVCL_2008;nd;8980395;Rhodamine 123 Efflux;MOR/R;nd;Human;SIDM01390;CVCL_2618;nd;8980395;nd;nd;nd;nd;nd;nd;nd;nd
ABCC1_Activation_Dataset_ID_0086;Glutathione;GSH;N5-((R)-1-((carboxymethyl)amino)-3-mercapto-1-oxopropan-2-yl)-L-glutamine;124886;CHEMBL1543;DB00143;6737;70-18-8;GSH (Analog);14;C(CC(=O)N[C@@H](CS)C(=O)NCC(=O)O)[C@@H](C(=O)O)N;-4.54;-0.69;307.33;7.18;197.62;7;7;9;20;1000-5000;NNAL-O-glucuronide Uptake;HeLa T5;Transfected with Human ABCC1;Human;SIDM00846;CVCL_0030;CRM-CCL-2;11375986;Estrone Sulfate Uptake;HeLa;Transfected with Human ABCC1 / Membrane Vesicles;Human;SIDM00846;CVCL_0030;CRM-CCL-2;12538817;Aflatoxin-B1-SG Uptake;HeLa T14;Transfected with Human ABCC1 / Membrane Vesicles;Human;SIDM00846;CVCL_0030;CRM-CCL-2;9187270;Mitoxantrone Uptake;MCF-7;Transduced with Human ABCC1;Human;SIDM00148;CVCL_0031;HTB-22;16434618;Vincristine Uptake;HeLa T14;Transfected with Human ABCC1 / Membrane Vesicles;Human;SIDM00846;CVCL_0030;CRM-CCL-2;9823323
ABCC1_Activation_Dataset_ID_0087;Indinavir;nd;(S)-1-((2S,4R)-4-benzyl-2-hydroxy-5-(((1S,2R)-2-hydroxy-2,3-dihydro-1H-inden-1-yl)amino)-5-oxopentyl)-N-(tert-butyl)-4-(pyridin-3-ylmethyl)piperazine-2-carboxamide;5362440;CHEMBL115;DB00224;12684;150378-17-9;Protease Inhibitor;2;CC(C)(C)NC(=O)[C@@H]1CN(CCN1C[C@H](C[C@@H](CC2=CC=CC=C2)C(=O)N[C@@H]3[C@@H](CC4=CC=CC=C34)O)O)CC5=CN=CC=C5;2.76;-4.71;613.80;17.66;118.03;4;7;11;45;3-100;GSH Efflux;Primary Wistar Rats Astrocytes;nd;nd;nd;nd;nd;22017299;nd;nd;nd;nd;nd;nd;nd;nd;nd;nd;nd;nd;nd;nd;nd;nd;nd;nd;nd;nd;nd;nd;nd;nd;nd;nd;nd;nd;nd;nd;nd;nd
ABCC1_Activation_Dataset_ID_0088;Indomethacin;nd;2-(1-(4-chlorobenzoyl)-5-methoxy-2-methyl-1H-indol-3-yl)acetic acid;3715;CHEMBL6;DB00328;1909;53-86-1;Indol;13;CC1=C(C2=C(N1C(=O)C3=CC=C(C=C3)Cl)C=CC(=C2)OC)CC(=O)O;4.37;-4.85;357.79;9.64;68.53;2;4;5;25;<100;NEM-SG Uptake;Sf9;Transfected with Human ABCC1 / Membrane Vesicles;Fall Armyworm;nd;CVCL_0549;CRL-1711;10727523;nd;nd;nd;nd;nd;nd;nd;nd;nd;nd;nd;nd;nd;nd;nd;nd;nd;nd;nd;nd;nd;nd;nd;nd;nd;nd;nd;nd;nd;nd;nd;nd
ABCC1_Activation_Dataset_ID_0089;Kaempferol;nd;3,5,7-trihydroxy-2-(4-hydroxyphenyl)-4H-chromen-4-one;5280863;CHEMBL150;nd;11052;520-18-3;Flavonoid (Analog);9;C1=CC(=CC=C1C2=C(C(=O)C3=C(C=C(C=C3O2)O)O)O)O;2.31;-3.14;286.24;7.13;107.22;4;5;1;21;20;GSH Efflux;BHK-21;Transfected with Human ABCC1;Human;nd;CVCL_1914;CCL-10;24875445;nd;nd;nd;nd;nd;nd;nd;nd;nd;nd;nd;nd;nd;nd;nd;nd;nd;nd;nd;nd;nd;nd;nd;nd;nd;nd;nd;nd;nd;nd;nd;nd
ABCC1_Activation_Dataset_ID_0090;Levomepromazine;nd;(R)-3-(2-methoxy-10H-phenothiazin-10-yl)-N,N,2-trimethylpropan-1-amine;72287;CHEMBL1764;DB01403;7603;60-99-1;Phenothiazine;17;C[C@@H](CN1C2=CC=CC=C2SC3=C1C=C(C=C3)OC)CN(C)C;4.35;-4.09;328.48;9.80;15.71;0;2;5;23;15;BCPCF Efflux;Human Erythrocytes ;nd;Human;nd;nd;nd;20023237;nd;nd;nd;nd;nd;nd;nd;nd;nd;nd;nd;nd;nd;nd;nd;nd;nd;nd;nd;nd;nd;nd;nd;nd;nd;nd;nd;nd;nd;nd;nd;nd
ABCC1_Activation_Dataset_ID_0091;Luteolin;nd;2-(3,4-dihydroxyphenyl)-5,7-dihydroxy-4H-chromen-4-one;5280445;CHEMBL151;DB15584;5215;491-70-3;Flavonoid (Analog);9;C1=CC(=C(C=C1C2=CC(=O)C3=C(C=C(C=C3O2)O)O)O)O;2.26;-3.10;286.24;7.12;107.22;4;5;1;21;100;Daunorubicin Uptake;Panc-1;nd;Human;SIDM00610;CVCL_0480;CRL-1469;12532374;nd;nd;nd;nd;nd;nd;nd;nd;nd;nd;nd;nd;nd;nd;nd;nd;nd;nd;nd;nd;nd;nd;nd;nd;nd;nd;nd;nd;nd;nd;nd;nd
ABCC1_Activation_Dataset_ID_0092;Me-SG;nd;N5-((R)-1-((carboxymethyl)amino)-3-(methylthio)-1-oxopropan-2-yl)-L-glutamine;115260;CHEMBL1233129;nd;nd;2922-56-7;GSH (Analog);14;O=C(N[C@H](C(NCC(O)=O)=O)CSC)CC[C@H](N)C(O)=O;-4.43;-0.69;321.35;7.63;158.82;7;7;10;21;1000-3000;NNAL-O-glucuronide Uptake;HeLa T5;Transfected with Human ABCC1;Human;SIDM00846;CVCL_0030;CRM-CCL-2;11375986;Estrone Sulfate Uptake;HeLa;Transfected with Human ABCC1 / Membrane Vesicles;Human;SIDM00846;CVCL_0030;CRM-CCL-2;12538817;Estrone Sulfate Uptake;HeLa T5;Transfected with Human ABCC1 / Membrane Vesicles;Human;SIDM00846;CVCL_0030;CRM-CCL-2;11102445;Vincristine Uptake;HeLa T14;Transfected with Human ABCC1 / Membrane Vesicles;Human;SIDM00846;CVCL_0030;CRM-CCL-2;9823323;nd;nd;nd;nd;nd;nd;nd;nd
ABCC1_Activation_Dataset_ID_0093;Mitoxantrone;nd;1,4-dihydroxy-5,8-bis((2-((2-hydroxyethyl)amino)ethyl)amino)anthracene-9,10-dione;4212;CHEMBL58;DB01204;7242;65271-80-9;Anthracene-dione;7;C1=CC(=C2C(=C1NCCNCCO)C(=O)C3=C(C=CC(=C3C2=O)O)O)NCCNCCO;-0.54;-1.88;444.49;11.75;163.18;8;8;12;32;5;GSH Uptake;MCF-7;Transduced with Human ABCC1;Human;SIDM00148;CVCL_0031;HTB-22;16434618;nd;nd;nd;nd;nd;nd;nd;nd;nd;nd;nd;nd;nd;nd;nd;nd;nd;nd;nd;nd;nd;nd;nd;nd;nd;nd;nd;nd;nd;nd;nd;nd
ABCC1_Activation_Dataset_ID_0094;Myricetin;nd;3,5,7-trihydroxy-2-(3,4,5-trihydroxyphenyl)-4H-chromen-4-one;5281672;CHEMBL164;DB02375;13074;529-44-2;Flavonoid (Analog);9;C1=C(C=C(C(=C1O)O)O)C2=C(C(=O)C3=C(C=C(C=C3O2)O)O)O;1.76;-2.41;318.24;7.35;147.68;6;7;1;23;100;Daunorubicin Uptake;Panc-1;nd;Human;SIDM00610;CVCL_0480;CRL-1469;12532374;nd;nd;nd;nd;nd;nd;nd;nd;nd;nd;nd;nd;nd;nd;nd;nd;nd;nd;nd;nd;nd;nd;nd;nd;nd;nd;nd;nd;nd;nd;nd;nd
ABCC1_Activation_Dataset_ID_0095;Naringenin;nd;5,7-dihydroxy-2-(4-hydroxyphenyl)chroman-4-one;932;CHEMBL32571;DB03467;10298;67604-48-2;Flavonoid (Analog);9;C1C(OC2=CC(=CC(=C2C1=O)O)O)C3=CC=C(C=C3)O;2.38;-2.45;272.26;7.06;86.99;3;5;1;20;30-100;GSH Uptake;HeLa T5;Transfected with Human ABCC1 / Membrane Vesicles;Human;SIDM00846;CVCL_0030;CRM-CCL-2;11306701;Vinblastine Uptake;Panc-1;nd;Human;SIDM00610;CVCL_0480;CRL-1469;12532374;nd;nd;nd;nd;nd;nd;nd;nd;nd;nd;nd;nd;nd;nd;nd;nd;nd;nd;nd;nd;nd;nd;nd;nd
ABCC1_Activation_Dataset_ID_0096;Nelfinavir;nd;(3S,4aS,8aS)-N-(tert-butyl)-2-((2R,3R)-2-hydroxy-3-(3-hydroxy-2-methylbenzamido)-4-(phenylthio)butyl)decahydroisoquinoline-3-carboxamide;64143;CHEMBL584;DB00220;11090;159989-64-7;Protease Inhibitor;2;CC1=C(C=CC=C1O)C(=O)N[C@@H](CSC2=CC=CC=C2)[C@@H](CN3C[C@H]4CCCC[C@H]4C[C@H]3C(=O)NC(C)(C)C)O;5.36;-7.39;567.79;16.22;101.90;4;5;9;40;3-100;GSH Efflux;Primary Wistar Rats Astrocytes;nd;nd;nd;nd;nd;22017299;nd;nd;nd;nd;nd;nd;nd;nd;nd;nd;nd;nd;nd;nd;nd;nd;nd;nd;nd;nd;nd;nd;nd;nd;nd;nd;nd;nd;nd;nd;nd;nd
ABCC1_Activation_Dataset_ID_0097;Nifedipin;nd;dimethyl 2,6-dimethyl-4-(2-nitrophenyl)-1,4-dihydropyridine-3,5-dicarboxylate;4485;CHEMBL193;DB01115;2514;21829-25-4;Dihydropyridine;3;CC1=C(C(C(=C(N1)C)C(=O)OC)C2=CC=CC=C2[N+](=O)[O-])C(=O)OC;2.57;-3.99;346.34;8.94;110.45;1;2;4;25;20;GSH Efflux;CCRF-CEM;Selected over 1000 ng/mL of Epirubicin;Human;SIDM00121;CVCL_0207;CCL-119;11448450;nd;nd;nd;nd;nd;nd;nd;nd;nd;nd;nd;nd;nd;nd;nd;nd;nd;nd;nd;nd;nd;nd;nd;nd;nd;nd;nd;nd;nd;nd;nd;nd
ABCC1_Activation_Dataset_ID_0098;Ophthalmic Acid;gamma-Glu-Ala-Gly;N5-((S)-1-((carboxymethyl)amino)-1-oxobutan-2-yl)-L-glutamine;7018721;nd;nd;nd;495-27-2;GSH (Analog);14;CC[C@@H](C(=O)NCC(=O)O)NC(=O)CC[C@@H](C(=O)O)N;-4.03;-0.23;289.29;6.90;158.82;7;7;9;20;1000-3000;NNAL-O-glucuronide Uptake;HeLa T5;Transfected with Human ABCC1;Human;SIDM00846;CVCL_0030;CRM-CCL-2;11375986;Estrone Sulfate Uptake;HeLa;Transfected with Human ABCC1 / Membrane Vesicles;Human;SIDM00846;CVCL_0030;CRM-CCL-2;12538817;nd;nd;nd;nd;nd;nd;nd;nd;nd;nd;nd;nd;nd;nd;nd;nd;nd;nd;nd;nd;nd;nd;nd;nd
ABCC1_Activation_Dataset_ID_0099;Perphenazine;nd;2-(4-(3-(2-chloro-10H-phenothiazin-10-yl)propyl)piperazin-1-yl)ethan-1-ol;4748;CHEMBL567;DB00850;209;58-39-9;Phenothiazine;17;C1CN(CCN1CCCN2C3=CC=CC=C3SC4=C2C=C(C=C4)Cl)CCO;3.45;-4.42;403.98;11.37;29.95;1;3;6;27;15;BCPCF Efflux;Human Erythrocytes ;nd;Human;nd;nd;nd;20023237;nd;nd;nd;nd;nd;nd;nd;nd;nd;nd;nd;nd;nd;nd;nd;nd;nd;nd;nd;nd;nd;nd;nd;nd;nd;nd;nd;nd;nd;nd;nd;nd
ABCC1_Activation_Dataset_ID_0100;Phenothiazine Maleate Derivative 3ClPhM;nd;3-(2-chloro-10H-phenothiazin-10-yl)propan-1-amine;74981;CHEMBL824;nd;nd;2095-17-2;Phenothiazine;17;NCCCN(C(C=CC=C1)=C1S2)C3=C2C=CC(Cl)=C3;3.83;-4.37;290.82;8.25;29.26;1;1;3;19;100;BCECF Efflux;Human Erythrocytes ;nd;Human;nd;nd;nd;16364236;BCPCF Uptake;Human Erythrocytes;Membrane Vesicles;Human;nd;nd;nd;16364236;nd;nd;nd;nd;nd;nd;nd;nd;nd;nd;nd;nd;nd;nd;nd;nd;nd;nd;nd;nd;nd;nd;nd;nd
ABCC1_Activation_Dataset_ID_0101;Phenothiazine Maleate Derivative 3FPhM;nd;3-(2-(trifluoromethyl)-10H-phenothiazin-10-yl)propan-1-amine;10983043;CHEMBL1688551;nd;nd;2095-14-9;Phenothiazine;17;NCCCN(C(C=CC=C1)=C1S2)C3=C2C=CC(C(F)(F)F)=C3;4.17;-4.69;324.37;8.32;29.26;1;1;3;22;100;BCECF Efflux;Human Erythrocytes ;nd;Human;nd;nd;nd;16364236;BCPCF Uptake;Human Erythrocytes;Membrane Vesicles;Human;nd;nd;nd;16364236;nd;nd;nd;nd;nd;nd;nd;nd;nd;nd;nd;nd;nd;nd;nd;nd;nd;nd;nd;nd;nd;nd;nd;nd
ABCC1_Activation_Dataset_ID_0102;Phenothiazine Maleate Derivative 3HPhM;nd;3-(10H-phenothiazin-10-yl)propan-1-amine;11079240;CHEMBL288110;nd;nd;nd;Phenothiazine;17;NCCCN(C(C=CC=C1)=C1S2)C3=C2C=CC=C3;3.20;-3.63;256.37;7.75;29.26;1;1;3;18;100;BCECF Efflux;Human Erythrocytes ;nd;Human;nd;nd;nd;16364236;BCPCF Uptake;Human Erythrocytes;Membrane Vesicles;Human;nd;nd;nd;16364236;nd;nd;nd;nd;nd;nd;nd;nd;nd;nd;nd;nd;nd;nd;nd;nd;nd;nd;nd;nd;nd;nd;nd;nd
ABCC1_Activation_Dataset_ID_0103;Phenothiazine Maleate Derivative 4ClPhM;nd;4-(2-chloro-10H-phenothiazin-10-yl)butan-1-amine;9995234;CHEMBL1688548 ;nd;nd;nd;Phenothiazine;17;NCCCCN(C(C=CC=C1)=C1S2)C3=C2C=CC(Cl)=C3;4.27;-4.57;304.85;8.72;29.26;1;1;4;20;100;BCECF Efflux;Human Erythrocytes ;nd;Human;nd;nd;nd;16364236;BCPCF Uptake;Human Erythrocytes;Membrane Vesicles;Human;nd;nd;nd;16364236;nd;nd;nd;nd;nd;nd;nd;nd;nd;nd;nd;nd;nd;nd;nd;nd;nd;nd;nd;nd;nd;nd;nd;nd
ABCC1_Activation_Dataset_ID_0104;Phenothiazine Maleate Derivative 4HPhM;nd;4-(2-(trifluoromethyl)-10H-phenothiazin-10-yl)butan-1-amine;10343939;CHEMBL1688549;nd;nd;nd;Phenothiazine;17;NCCCCN(C(C=CC=C1)=C1S2)C3=C2C=CC(C(F)(F)F)=C3;4.62;-4.89;338.40;8.80;29.26;1;1;4;23;100;BCECF Efflux;Human Erythrocytes ;nd;Human;nd;nd;nd;16364236;BCPCF Uptake;Human Erythrocytes;Membrane Vesicles;Human;nd;nd;nd;16364236;nd;nd;nd;nd;nd;nd;nd;nd;nd;nd;nd;nd;nd;nd;nd;nd;nd;nd;nd;nd;nd;nd;nd;nd
ABCC1_Activation_Dataset_ID_0105;Phenothiazine Maleate Derivative 4HPhM;nd;4-(10H-phenothiazin-10-yl)butan-1-amine;11003572;CHEMBL1688550;nd;nd;nd;Phenothiazine;17;NCCCCN(C(C=CC=C1)=C1S2)C3=C2C=CC=C3;3.64;-3.84;270.40;8.22;29.26;1;1;4;19;100;BCECF Efflux;Human Erythrocytes ;nd;Human;nd;nd;nd;16364236;BCPCF Uptake;Human Erythrocytes;Membrane Vesicles;Human;nd;nd;nd;16364236;nd;nd;nd;nd;nd;nd;nd;nd;nd;nd;nd;nd;nd;nd;nd;nd;nd;nd;nd;nd;nd;nd;nd;nd
ABCC1_Activation_Dataset_ID_0106;Purine Derivative 12;nd;6-(4-phenethylpiperazin-1-yl)-7H-purine;212805;nd;nd;nd;24951-02-8;Purine;16;C1(N=CN2)=C2C(N3CCN(CCC4=CC=CC=C4)CC3)=NC=N1;1.07;-3.59;308.39;8.94;60.94;2;5;4;23;0,01;Calcein AM Uptake;H69AR;nd;Human;nd;CVCL_3513;CRL-11351;27810353;Daunorubicin Uptake;MDCK II;Transfected with Human ABCC1;Dog;nd;CVCL_0424;CRL-2936;27810353;nd;nd;nd;nd;nd;nd;nd;nd;nd;nd;nd;nd;nd;nd;nd;nd;nd;nd;nd;nd;nd;nd;nd;nd
ABCC1_Activation_Dataset_ID_0107;Purine Derivative 13;nd;6-(4-benzylpiperazin-1-yl)-7H-purine;756711;CHEMBL1418131;nd;nd;nd;Purine;16;C1(N=CN2)=C2C(N3CCN(CC4=CC=CC=C4)CC3)=NC=N1;0.98;-3.53;294.36;8.47;60.94;2;5;3;22;0,01;Calcein AM Uptake;H69AR;nd;Human;nd;CVCL_3513;CRL-11351;27810353;Daunorubicin Uptake;MDCK II;Transfected with Human ABCC1;Dog;nd;CVCL_0424;CRL-2936;27810353;nd;nd;nd;nd;nd;nd;nd;nd;nd;nd;nd;nd;nd;nd;nd;nd;nd;nd;nd;nd;nd;nd;nd;nd
ABCC1_Activation_Dataset_ID_0108;Purine Derivative 14;nd;6-(4-benzhydrylpiperazin-1-yl)-7H-purine;213316;nd;nd;nd;nd;Purine;16;C1(N=CN2)=C2C(N3CCN(C(C4=CC=CC=C4)C5=CC=CC=C5)CC3)=NC=N1;2.89;-5.29;370.46;10.97;60.94;2;5;4;28;0,01;Calcein AM Uptake;H69AR;nd;Human;nd;CVCL_3513;CRL-11351;27810353;Daunorubicin Uptake;MDCK II;Transfected with Human ABCC1;Dog;nd;CVCL_0424;CRL-2936;27810353;nd;nd;nd;nd;nd;nd;nd;nd;nd;nd;nd;nd;nd;nd;nd;nd;nd;nd;nd;nd;nd;nd;nd;nd
ABCC1_Activation_Dataset_ID_0109;Purine Derivative 15;nd;6-(4-phenylpiperazin-1-yl)-7H-purine;756702;nd;nd;nd;nd;Purine;16;C1(N=CN2)=C2C(N3CCN(C4=CC=CC=C4)CC3)=NC=N1;0.85;-3.58;280.33;7.99;60.94;2;4;2;21;0,01;Calcein AM Uptake;H69AR;nd;Human;nd;CVCL_3513;CRL-11351;27810353;Daunorubicin Uptake;MDCK II;Transfected with Human ABCC1;Dog;nd;CVCL_0424;CRL-2936;27810353;nd;nd;nd;nd;nd;nd;nd;nd;nd;nd;nd;nd;nd;nd;nd;nd;nd;nd;nd;nd;nd;nd;nd;nd
ABCC1_Activation_Dataset_ID_0110;Pyrrolopyrimidine Derivative 10;nd;5-phenethyl-4-(phenethylamino)-5H-pyrrolo[3,2-d]pyrimidine-7-carbonitrile;nd;nd;nd;nd;nd;Pyrrolopyrimidine;15;N#CC1=CN(CCC2=CC=CC=C2)C3=C1N=CN=C3NCCC4=CC=CC=C4;4.35;-4.56;367.46;11.20;66.53;1;3;7;28;0,01;Calcein AM Uptake;H69AR;nd;Human;nd;CVCL_3513;CRL-11351;27810353;Daunorubicin Uptake;MDCK II;Transfected with Human ABCC1;Dog;nd;CVCL_0424;CRL-2936;27810353;nd;nd;nd;nd;nd;nd;nd;nd;nd;nd;nd;nd;nd;nd;nd;nd;nd;nd;nd;nd;nd;nd;nd;nd
ABCC1_Activation_Dataset_ID_0111;Pyrrolopyrimidine Derivative 11;nd;5-phenethyl-4-((3-phenylpropyl)amino)-5H-pyrrolo[3,2-d]pyrimidine-7-carbonitrile;nd;nd;nd;nd;nd;Pyrrolopyrimidine;15;N#CC1=CN(CCC2=CC=CC=C2)C3=C1N=CN=C3NCCCC4=CC=CC=C4;4.79;-4.76;381.48;11.67;66.53;1;3;8;29;0,01;Calcein AM Uptake;H69AR;nd;Human;nd;CVCL_3513;CRL-11351;27810353;Daunorubicin Uptake;MDCK II;Transfected with Human ABCC1;Dog;nd;CVCL_0424;CRL-2936;27810353;nd;nd;nd;nd;nd;nd;nd;nd;nd;nd;nd;nd;nd;nd;nd;nd;nd;nd;nd;nd;nd;nd;nd;nd
ABCC1_Activation_Dataset_ID_0112;Pyrrolopyrimidine Derivative 6;nd;4-(benzylamino)-5-methyl-5H-pyrrolo[3,2-d]pyrimidine-7-carbonitrile;nd;nd;nd;nd;nd;Pyrrolopyrimidine;15;N#CC1=CN(C)C2=C1N=CN=C2NCC3=CC=CC=C3;2.39;-2.67;263.30;7.74;66.53;1;3;3;20;0,01;Calcein AM Uptake;H69AR;nd;Human;nd;CVCL_3513;CRL-11351;27810353;Daunorubicin Uptake;MDCK II;Transfected with Human ABCC1;Dog;nd;CVCL_0424;CRL-2936;27810353;nd;nd;nd;nd;nd;nd;nd;nd;nd;nd;nd;nd;nd;nd;nd;nd;nd;nd;nd;nd;nd;nd;nd;nd
ABCC1_Activation_Dataset_ID_0113;Pyrrolopyrimidine Derivative 7;nd;4-(benzylamino)-5-phenyl-5H-pyrrolo[3,2-d]pyrimidine-7-carbonitrile;nd;nd;nd;nd;nd;Pyrrolopyrimidine;15;N#CC1=CN(C2=CC=CC=C2)C3=C1N=CN=C3NCC4=CC=CC=C4;4.04;-4.49;325.38;9.78;66.53;1;3;4;25;0,01;Calcein AM Uptake;H69AR;nd;Human;nd;CVCL_3513;CRL-11351;27810353;Daunorubicin Uptake;MDCK II;Transfected with Human ABCC1;Dog;nd;CVCL_0424;CRL-2936;27810353;nd;nd;nd;nd;nd;nd;nd;nd;nd;nd;nd;nd;nd;nd;nd;nd;nd;nd;nd;nd;nd;nd;nd;nd
ABCC1_Activation_Dataset_ID_0114;Pyrrolopyrimidine Derivative 8;nd;5-benzyl-4-(benzylamino)-5H-pyrrolo[3,2-d]pyrimidine-7-carbonitrile;nd;nd;nd;nd;nd;Pyrrolopyrimidine;15;N#CC1=CN(CC2=CC=CC=C2)C3=C1N=CN=C3NCC4=CC=CC=C4;4.18;-4.43;339.40;10.25;66.53;1;3;5;26;0,01;Calcein AM Uptake;H69AR;nd;Human;nd;CVCL_3513;CRL-11351;27810353;Daunorubicin Uptake;MDCK II;Transfected with Human ABCC1;Dog;nd;CVCL_0424;CRL-2936;27810353;nd;nd;nd;nd;nd;nd;nd;nd;nd;nd;nd;nd;nd;nd;nd;nd;nd;nd;nd;nd;nd;nd;nd;nd
ABCC1_Activation_Dataset_ID_0115;Pyrrolopyrimidine Derivative 9;nd;5-benzyl-4-((3-phenylpropyl)amino)-5H-pyrrolo[3,2-d]pyrimidine-7-carbonitrile;nd;nd;nd;nd;nd;Pyrrolopyrimidine;15;N#CC1=CN(CC2=CC=CC=C2)C3=C1N=CN=C3NCCCC4=CC=CC=C4;4.71;-4.70;367.46;11.20;66.53;1;3;7;28;0,01;Calcein AM Uptake;H69AR;nd;Human;nd;CVCL_3513;CRL-11351;27810353;Daunorubicin Uptake;MDCK II;Transfected with Human ABCC1;Dog;nd;CVCL_0424;CRL-2936;27810353;nd;nd;nd;nd;nd;nd;nd;nd;nd;nd;nd;nd;nd;nd;nd;nd;nd;nd;nd;nd;nd;nd;nd;nd
ABCC1_Activation_Dataset_ID_0116;Quercetin;nd;2-(3,4-dihydroxyphenyl)-3,5,7-trihydroxy-4H-chromen-4-one;5280343;CHEMBL50;DB04216;5346;117-39-5;Flavonoid (Analog);9;C1=CC(=C(C=C1C2=C(C(=O)C3=C(C=C(C=C3O2)O)O)O)O)O;2.03;-2.77;302.24;7.24;127.45;5;6;1;22;30-200;GSH Uptake;HeLa T5;Transfected with Human ABCC1 / Membrane Vesicles;Human;SIDM00846;CVCL_0030;CRM-CCL-2;11306701;Rhodamine 123 Efflux;COR-L23/R;nd;Human;SIDM01204;CVCL_2008;nd;8980395;Rhodamine 123 Efflux;MOR/R;nd;Human;SIDM01390;CVCL_2618;nd;8980395;nd;nd;nd;nd;nd;nd;nd;nd;nd;nd;nd;nd;nd;nd;nd;nd
ABCC1_Activation_Dataset_ID_0117;Rhoifolin;nd;7-(((2S,3R,4S,5S,6R)-4,5-dihydroxy-6-(hydroxymethyl)-3-(((2S,3R,4R,5R,6S)-3,4,5-trihydroxy-6-methyltetrahydro-2H-pyran-2-yl)oxy)tetrahydro-2H-pyran-2-yl)oxy)-5-hydroxy-2-(4-hydroxyphenyl)-4H-chromen-4-one7-(((2S,3R,4S,5S,6R)-4,5-dihydroxy-6-(hydroxymethyl)-3-(((2S,3R,4R,5R,6S)-3,4,5-trihydroxy-6-methyltetrahydro-2H-pyran-2-yl)oxy)tetrahydro-2H-pyran-2-yl)oxy)-5-hydroxy-2-(4-hydroxyphenyl)-4H-chromen-4-one;5282150;CHEMBL395990;nd;nd;17306-46-6;Flavonoid (Analog);9;C[C@H]1[C@@H]([C@H]([C@H]([C@@H](O1)O[C@@H]2[C@H]([C@@H]([C@H](O[C@H]2OC3=CC(=C4C(=C3)OC(=CC4=O)C5=CC=C(C=C5)O)O)CO)O)O)O)O)O;-0.86;-3.47;578.52;13.46;225.06;8;13;6;41;100;Daunorubicin Uptake;Panc-1;nd;Human;SIDM00610;CVCL_0480;CRL-1469;12532374;nd;nd;nd;nd;nd;nd;nd;nd;nd;nd;nd;nd;nd;nd;nd;nd;nd;nd;nd;nd;nd;nd;nd;nd;nd;nd;nd;nd;nd;nd;nd;nd
ABCC1_Activation_Dataset_ID_0118;Rutin;nd;2-(3,4-dihydroxyphenyl)-5,7-dihydroxy-3-(((2S,3R,4S,5S,6R)-3,4,5-trihydroxy-6-((((2R,3R,4R,5R,6S)-3,4,5-trihydroxy-6-methyltetrahydro-2H-pyran-2-yl)oxy)methyl)tetrahydro-2H-pyran-2-yl)oxy)-4H-chromen-4-one;5280805;CHEMBL226335;DB01698;nd;153-18-4;Flavonoid (Analog);9;C[C@H]1[C@@H]([C@H]([C@H]([C@@H](O1)OC[C@@H]2[C@H]([C@@H]([C@H]([C@@H](O2)OC3=C(OC4=CC(=CC(=C4C3=O)O)O)C5=CC(=C(C=C5)O)O)O)O)O)O)O)O;-1.11;-2.79;610.52;13.68;265.52;10;15;6;43;100;Vinblastine Uptake;Panc-1;nd;Human;SIDM00610;CVCL_0480;CRL-1469;12532374;nd;nd;nd;nd;nd;nd;nd;nd;nd;nd;nd;nd;nd;nd;nd;nd;nd;nd;nd;nd;nd;nd;nd;nd;nd;nd;nd;nd;nd;nd;nd;nd
ABCC1_Activation_Dataset_ID_0119;Scopoletin;nd;7-hydroxy-6-methoxy-2H-chromen-2-one;5280460;CHEMBL71851;nd;nd;92-61-5;Coumarin Derivative;18;COC1=C(C=C2C(=C1)C=CC(=O)O2)O;1.90;-2.46;192.17;4.90;55.76;1;3;1;14;75;BCPCF Efflux;Human Erythrocytes ;nd;Human;nd;nd;nd;18225583;nd;nd;nd;nd;nd;nd;nd;nd;nd;nd;nd;nd;nd;nd;nd;nd;nd;nd;nd;nd;nd;nd;nd;nd;nd;nd;nd;nd;nd;nd;nd;nd
ABCC1_Activation_Dataset_ID_0120;Staurosporine;nd;(5R,7R,8R,9S)-8-methoxy-9-methyl-7-(methylamino)-6,7,8,9,14,15-hexahydro-5H,16H-17-oxa-4b,9a,15-triaza-5,9-methanodibenzo[b,h]cyclonona[jkl]cyclopenta[e]-as-indacen-16-one;44259;CHEMBL388978;DB02010;346;62996-74-1;Indolcarbazole;11;C[C@@]12[C@@H]([C@@H](C[C@@H](O1)N3C4=CC=CC=C4C5=C6C(=C7C8=CC=CC=C8N2C7=C53)CNC6=O)NC)OC;6.36;-6.53;466.54;13.14;69.45;2;4;2;35;10;GSH Efflux;HEK203;Transfected with Human ABCC1;Human;nd;CVCL_0045;CRL-1573;18621020;nd;nd;nd;nd;nd;nd;nd;nd;nd;nd;nd;nd;nd;nd;nd;nd;nd;nd;nd;nd;nd;nd;nd;nd;nd;nd;nd;nd;nd;nd;nd;nd
ABCC1_Activation_Dataset_ID_0121;Thiethylperazine;nd;2-(ethylthio)-10-(3-(4-methylpiperazin-1-yl)propyl)-10H-phenothiazine;5440;CHEMBL1378;DB00372;7306;1420-55-9;Phenothiazine;17;CCSC1=CC2=C(C=C1)SC3=CC=CC=C3N2CCCN4CCN(CC4)C;4.66;-5.24;399.63;11.81;9.72;0;2;6;27;15;BCPCF Efflux;Human Erythrocytes ;nd;Human;nd;nd;nd;20023237;nd;nd;nd;nd;nd;nd;nd;nd;nd;nd;nd;nd;nd;nd;nd;nd;nd;nd;nd;nd;nd;nd;nd;nd;nd;nd;nd;nd;nd;nd;nd;nd
ABCC1_Activation_Dataset_ID_0122;Thioridazine;nd;10-(2-(1-methylpiperidin-2-yl)ethyl)-2-(methylthio)-10H-phenothiazine;5452;CHEMBL479;DB00679;100;50-52-2;Phenothiazine;17;CN1CCCCC1CCN2C3=CC=CC=C3SC4=C2C=C(C=C4)SC;5.72;-5.62;370.58;11.02;6.48;0;1;4;25;15;BCPCF Efflux;Human Erythrocytes ;nd;Human;nd;nd;nd;20023237;nd;nd;nd;nd;nd;nd;nd;nd;nd;nd;nd;nd;nd;nd;nd;nd;nd;nd;nd;nd;nd;nd;nd;nd;nd;nd;nd;nd;nd;nd;nd;nd
ABCC1_Activation_Dataset_ID_0123;Trans-2-hexenal;nd;(E)-hex-2-enal;5281168;CHEMBL2228570;nd;nd;6728-26-3;Simple Ketone;10;CCC/C=C/C=O;1.73;-1.48;98.14;3.12;17.07;0;1;3;7;25;Calcein AM Efflux;MDCK II;Transfected with Human ABCC1;Dog;nd;CVCL_0424;CRL-2936;15885658;nd;nd;nd;nd;nd;nd;nd;nd;nd;nd;nd;nd;nd;nd;nd;nd;nd;nd;nd;nd;nd;nd;nd;nd;nd;nd;nd;nd;nd;nd;nd;nd
ABCC1_Activation_Dataset_ID_0124;Verapamil;nd;5-((3,4-dimethoxyphenethyl)(methyl)amino)-2-(3,4-dimethoxyphenyl)-2-isopropylpentanenitrile;2520;CHEMBL6966;DB00661;2406;52-53-9;Verapamil (Analog);4;CC(C)C(CCCN(C)CCC1=CC(=C(C=C1)OC)OC)(C#N)C2=CC(=C(C=C2)OC)OC;5.35;-5.24;454.61;13.37;63.95;0;6;13;33;10-100;GSH Efflux;CCRF-CEM;Selected over 1000 ng/mL of Epirubicin;Human;SIDM00121;CVCL_0207;CCL-119;11448450;GSH Uptake & Efflux;HeLa T5 / T14;Transfected with Human ABCC1 / Membrane Vesicles;Human;SIDM00846;CVCL_0030;CRM-CCL-2;11306701;GSH Efflux;BHK-21;Transfected with Human ABCC1;Hamster;nd;CVCL_1914;CCL-10;17646169;nd;nd;nd;nd;nd;nd;nd;nd;nd;nd;nd;nd;nd;nd;nd;nd
ABCC1_Activation_Dataset_ID_0125;Verapamil Analog 12a;nd;2-(3,4-dimethoxyphenyl)-5-((4-hydroxybenzyl)(methyl)amino)-2-isopropylpentanenitrile;49865587;CHEMBL1223596;nd;nd;nd;Verapamil (Analog);4;CC(C)C(CCCN(C)CC1=CC=C(O)C=C1)(C#N)C2=CC(OC)=C(OC)C=C2;5.26;-4.71;396.53;11.76;65.72;1;5;10;29;5;GSH Efflux;BHK-21;Transfected with Human ABCC1;Human;nd;CVCL_1914;CCL-10;20691599;nd;nd;nd;nd;nd;nd;nd;nd;nd;nd;nd;nd;nd;nd;nd;nd;nd;nd;nd;nd;nd;nd;nd;nd;nd;nd;nd;nd;nd;nd;nd;nd
ABCC1_Activation_Dataset_ID_0126;Verapamil Analog 12b;nd;2-(3,4-dimethoxyphenyl)-5-((4-hydroxy-3-iodobenzyl)(methyl)amino)-2-isopropylpentanenitrile;49865619;CHEMBL1223651;nd;nd;nd;Verapamil (Analog);4;CC(C)C(CCCN(C)CC1=CC(I)=C(O)C=C1)(C#N)C2=CC(OC)=C(OC)C=C2;6.48;-5.70;522.43;13.11;65.72;1;5;10;30;5;GSH Efflux;BHK-21;Transfected with Human ABCC1;Human;nd;CVCL_1914;CCL-10;20691599;nd;nd;nd;nd;nd;nd;nd;nd;nd;nd;nd;nd;nd;nd;nd;nd;nd;nd;nd;nd;nd;nd;nd;nd;nd;nd;nd;nd;nd;nd;nd;nd
ABCC1_Activation_Dataset_ID_0127;Verapamil Analog 12c;nd;2-(3,4-dimethoxyphenyl)-5-((4-hydroxy-3,5-diiodobenzyl)(methyl)amino)-2-isopropylpentanenitrile;49865620;CHEMBL1221433;nd;nd;nd;Verapamil (Analog);4;CC(C)C(CCCN(C)CC1=CC(I)=C(O)C(I)=C1)(C#N)C2=CC(OC)=C(OC)C=C2;7.71;-6.70;648.32;14.44;65.72;1;5;10;31;5;GSH Efflux;BHK-21;Transfected with Human ABCC1;Human;nd;CVCL_1914;CCL-10;20691599;nd;nd;nd;nd;nd;nd;nd;nd;nd;nd;nd;nd;nd;nd;nd;nd;nd;nd;nd;nd;nd;nd;nd;nd;nd;nd;nd;nd;nd;nd;nd;nd
ABCC1_Activation_Dataset_ID_0128;Verapamil Analog 13a;nd;2-(3,4-dimethoxyphenyl)-5-((4-hydroxyphenethyl)(methyl)amino)-2-isopropylpentanenitrile;49866256;CHEMBL1224693;nd;nd;nd;Verapamil (Analog);4;CC(C)C(CCCN(CCC1=CC=C(O)C=C1)C)(C#N)C2=CC(OC)=C(OC)C=C2;5.34;-4.77;410.56;12.22;65.72;1;5;11;30;5;GSH Efflux;BHK-21;Transfected with Human ABCC1;Human;nd;CVCL_1914;CCL-10;20691599;nd;nd;nd;nd;nd;nd;nd;nd;nd;nd;nd;nd;nd;nd;nd;nd;nd;nd;nd;nd;nd;nd;nd;nd;nd;nd;nd;nd;nd;nd;nd;nd
ABCC1_Activation_Dataset_ID_0129;Verapamil Analog 13b;nd;2-(3,4-dimethoxyphenyl)-5-((4-hydroxy-3-iodophenethyl)(methyl)amino)-2-isopropylpentanenitrile;49866257;CHEMBL1224694;nd;nd;nd;Verapamil (Analog);4;CC(C)C(CCCN(CCC1=CC(I)=C(O)C=C1)C)(C#N)C2=CC(OC)=C(OC)C=C2;6.57;-5.77;536.45;13.58;65.72;1;5;11;31;5;GSH Efflux;BHK-21;Transfected with Human ABCC1;Human;nd;CVCL_1914;CCL-10;20691599;nd;nd;nd;nd;nd;nd;nd;nd;nd;nd;nd;nd;nd;nd;nd;nd;nd;nd;nd;nd;nd;nd;nd;nd;nd;nd;nd;nd;nd;nd;nd;nd
ABCC1_Activation_Dataset_ID_0130;Verapamil Analog 13c;NMeOHI2;2-(3,4-dimethoxyphenyl)-5-((4-hydroxy-3,5-diiodophenethyl)(methyl)amino)-2-isopropylpentanenitrile;10009579;CHEMBL1224695;nd;nd;nd;Verapamil (Analog);4;CC(C)C(CCCN(CCC1=CC(I)=C(O)C(I)=C1)C)(C#N)C2=CC(OC)=C(OC)C=C2;7.79;-6.76;662.35;14.91;65.72;1;5;11;32;5;GSH Efflux;BHK-21;Transfected with Human ABCC1;Human;nd;CVCL_1914;CCL-10;20691599;GSH Efflux;BHK-21;Transfected with Human ABCC1;Human;nd;CVCL_1914;CCL-10;15256468;nd;nd;nd;nd;nd;nd;nd;nd;nd;nd;nd;nd;nd;nd;nd;nd;nd;nd;nd;nd;nd;nd;nd;nd
ABCC1_Activation_Dataset_ID_0131;Verapamil Analog 14a;nd;2-(3,4-dimethoxyphenyl)-5-((3-(4-hydroxyphenyl)propyl)(methyl)amino)-2-isopropylpentanenitrile;49865584;CHEMBL1223593;nd;nd;nd;Verapamil (Analog);4;CC(C)C(CCCN(CCCC1=CC=C(O)C=C1)C)(C#N)C2=CC(OC)=C(OC)C=C2;5.79;-4.98;424.58;12.69;65.72;1;5;12;31;5;GSH Efflux;BHK-21;Transfected with Human ABCC1;Human;nd;CVCL_1914;CCL-10;20691599;nd;nd;nd;nd;nd;nd;nd;nd;nd;nd;nd;nd;nd;nd;nd;nd;nd;nd;nd;nd;nd;nd;nd;nd;nd;nd;nd;nd;nd;nd;nd;nd
ABCC1_Activation_Dataset_ID_0132;Verapamil Analog 14b;nd;2-(3,4-dimethoxyphenyl)-5-((3-(4-hydroxy-3-iodophenyl)propyl)(methyl)amino)-2-isopropylpentanenitrile;49865585;CHEMBL1223594;nd;nd;nd;Verapamil (Analog);4;CC(C)C(CCCN(CCCC1=CC(I)=C(O)C=C1)C)(C#N)C2=CC(OC)=C(OC)C=C2;7.01;-5.97;550.48;14.05;65.72;1;5;12;32;5;GSH Efflux;BHK-21;Transfected with Human ABCC1;Human;nd;CVCL_1914;CCL-10;20691599;nd;nd;nd;nd;nd;nd;nd;nd;nd;nd;nd;nd;nd;nd;nd;nd;nd;nd;nd;nd;nd;nd;nd;nd;nd;nd;nd;nd;nd;nd;nd;nd
ABCC1_Activation_Dataset_ID_0133;Verapamil Analog 14c;nd;2-(3,4-dimethoxyphenyl)-5-((3-(4-hydroxy-3,5-diiodophenyl)propyl)(methyl)amino)-2-isopropylpentanenitrile;49865586;CHEMBL1223595;nd;nd;nd;Verapamil (Analog);4;CC(C)C(CCCN(CCCC1=CC(I)=C(O)C(I)=C1)C)(C#N)C2=CC(OC)=C(OC)C=C2;8.24;-6.96;676.38;15.38;65.72;1;5;12;33;5;GSH Efflux;BHK-21;Transfected with Human ABCC1;Human;nd;CVCL_1914;CCL-10;20691599;nd;nd;nd;nd;nd;nd;nd;nd;nd;nd;nd;nd;nd;nd;nd;nd;nd;nd;nd;nd;nd;nd;nd;nd;nd;nd;nd;nd;nd;nd;nd;nd
ABCC1_Activation_Dataset_ID_0134;Verapamil Analog 15a;nd;2-(3,4-dimethoxyphenyl)-5-((4-hydroxyphenethyl)amino)-2-isopropylpentanenitrile;49865621;CHEMBL1223652 ;nd;nd;nd;Verapamil (Analog);4;CC(C)C(CCCNCCC1=CC=C(O)C=C1)(C#N)C2=CC(OC)=C(OC)C=C2;5.08;-4.64;396.53;11.78;74.51;2;5;11;29;5;GSH Efflux;BHK-21;Transfected with Human ABCC1;Human;nd;CVCL_1914;CCL-10;20691599;nd;nd;nd;nd;nd;nd;nd;nd;nd;nd;nd;nd;nd;nd;nd;nd;nd;nd;nd;nd;nd;nd;nd;nd;nd;nd;nd;nd;nd;nd;nd;nd
ABCC1_Activation_Dataset_ID_0135;Verapamil Analog 15b;nd;2-(3,4-dimethoxyphenyl)-5-((4-hydroxy-3-iodophenethyl)amino)-2-isopropylpentanenitrile;49865622;CHEMBL1223653 ;nd;nd;nd;Verapamil (Analog);4;CC(C)C(CCCNCCC1=CC(I)=C(O)C=C1)(C#N)C2=CC(OC)=C(OC)C=C2;6.30;-5.63;522.43;13.13;74.51;2;5;11;30;5;GSH Efflux;BHK-21;Transfected with Human ABCC1;Human;nd;CVCL_1914;CCL-10;20691599;nd;nd;nd;nd;nd;nd;nd;nd;nd;nd;nd;nd;nd;nd;nd;nd;nd;nd;nd;nd;nd;nd;nd;nd;nd;nd;nd;nd;nd;nd;nd;nd
ABCC1_Activation_Dataset_ID_0136;Verapamil Analog 15c;nd;2-(3,4-dimethoxyphenyl)-5-((4-hydroxy-3,5-diiodophenethyl)amino)-2-isopropylpentanenitrile;49865657;CHEMBL1223717;nd;nd;nd;Verapamil (Analog);4;CC(C)C(CCCNCCC1=CC(I)=C(O)C(I)=C1)(C#N)C2=CC(OC)=C(OC)C=C2;7.53;-6.63;648.32;14.46;74.51;2;5;11;31;5;GSH Efflux;BHK-21;Transfected with Human ABCC1;Human;nd;CVCL_1914;CCL-10;20691599;nd;nd;nd;nd;nd;nd;nd;nd;nd;nd;nd;nd;nd;nd;nd;nd;nd;nd;nd;nd;nd;nd;nd;nd;nd;nd;nd;nd;nd;nd;nd;nd
ABCC1_Activation_Dataset_ID_0137;Verapamil Analog 24a;nd;2-(3,4-dimethoxyphenyl)-2-isopropyl-5-((4-methoxyphenethyl)(methyl)amino)pentanenitrile;49866231;CHEMBL1224632 ;nd;nd;nd;Verapamil (Analog);4;CC(C)C(CCCN(C)CCC1=CC=C(OC)C=C1)(C#N)C2=CC(OC)=C(OC)C=C2;5.61;-5.19;424.58;12.72;54.72;0;5;12;31;5;GSH Efflux;BHK-21;Transfected with Human ABCC1;Human;nd;CVCL_1914;CCL-10;20691599;nd;nd;nd;nd;nd;nd;nd;nd;nd;nd;nd;nd;nd;nd;nd;nd;nd;nd;nd;nd;nd;nd;nd;nd;nd;nd;nd;nd;nd;nd;nd;nd
ABCC1_Activation_Dataset_ID_0138;Verapamil Analog 24b;nd;2-(3,4-dimethoxyphenyl)-5-((3-iodo-4-methoxyphenethyl)(methyl)amino)-2-isopropylpentanenitrile;49866232;CHEMBL1224633;nd;nd;nd;Verapamil (Analog);4;CC(C)C(CCCN(C)CCC1=CC(I)=C(OC)C=C1)(C#N)C2=CC(OC)=C(OC)C=C2;6.83;-6.18;550.48;14.08;54.72;0;5;12;32;5;GSH Efflux;BHK-21;Transfected with Human ABCC1;Human;nd;CVCL_1914;CCL-10;20691599;nd;nd;nd;nd;nd;nd;nd;nd;nd;nd;nd;nd;nd;nd;nd;nd;nd;nd;nd;nd;nd;nd;nd;nd;nd;nd;nd;nd;nd;nd;nd;nd
ABCC1_Activation_Dataset_ID_0139;Verapamil Analog 24c;nd;5-((3,5-diiodo-4-methoxyphenethyl)(methyl)amino)-2-(3,4-dimethoxyphenyl)-2-isopropylpentanenitrile;46919522;CHEMBL1224692 ;nd;nd;nd;Verapamil (Analog);4;CC(C)C(CCCN(C)CCC1=CC(I)=C(OC)C(I)=C1)(C#N)C2=CC(OC)=C(OC)C=C2;8.06;-7.17;676.38;15.41;54.72;0;5;12;33;5;GSH Efflux;BHK-21;Transfected with Human ABCC1;Human;nd;CVCL_1914;CCL-10;20691599;nd;nd;nd;nd;nd;nd;nd;nd;nd;nd;nd;nd;nd;nd;nd;nd;nd;nd;nd;nd;nd;nd;nd;nd;nd;nd;nd;nd;nd;nd;nd;nd
ABCC1_Activation_Dataset_ID_0140;Verapamil Dithian Derivative Ro 10-6852;nd;N-(3,4-dimethoxyphenethyl)-3-(2-(3,4-dimethoxyphenyl)-1,3-dithian-2-yl)-N-methylpropan-1-amine;9983099;nd;nd;nd;nd;Verapamil (Analog);4;COC1=C(OC)C=CC(C2(SCCCS2)CCCN(C)CCC3=CC=C(OC)C(OC)=C3)=C1;6.11;-6.08;491.72;14.04;40.16;0;5;12;33;100;LTC4 Uptake Inhibition;BHK-21;Transfected with Human ABCC1 / Membrane Vesicles;Human;nd;CVCL_1914;CCL-10;10973801;GSH Uptake;H69AR;Membrane Vesicles;Human;nd;CVCL_3513;CRL-11351;10973801;nd;nd;nd;nd;nd;nd;nd;nd;nd;nd;nd;nd;nd;nd;nd;nd;nd;nd;nd;nd;nd;nd;nd;nd
ABCC1_Activation_Dataset_ID_0141;Verapamil Dithian Derivative Ro 11-1766;nd;N-(3,4-dimethoxyphenethyl)-N-methyl-3-(2-(3,4,5-trimethoxyphenyl)-1,3-dithian-2-yl)propan-1-amine;10075415;nd;nd;nd;nd;Verapamil (Analog);4;COC1=C(OC)C(OC)=CC(C2(SCCCS2)CCCN(C)CCC3=CC=C(OC)C(OC)=C3)=C1;5.85;-6.13;521.74;14.69;49.39;0;6;13;35;100;LTC4 Uptake Inhibition;BHK-21;Transfected with Human ABCC1 / Membrane Vesicles;Human;nd;CVCL_1914;CCL-10;10973801;GSH Uptake;H69AR;Membrane Vesicles;Human;nd;CVCL_3513;CRL-11351;10973801;nd;nd;nd;nd;nd;nd;nd;nd;nd;nd;nd;nd;nd;nd;nd;nd;nd;nd;nd;nd;nd;nd;nd;nd
ABCC1_Activation_Dataset_ID_0142;Verapamil Dithian Derivative Ro 11-1768;nd;N-(3,4-dimethoxyphenethyl)-3-(2-(2-methoxyphenyl)-1,3-dithian-2-yl)-N-methylpropan-1-amine;22758382;nd;nd;nd;nd;Verapamil (Analog);4;COC1=CC(CCN(C)CCCC2(SCCCS2)C3=C(OC)C=CC=C3)=CC=C1OC;6.37;-6.03;461.69;13.40;30.93;0;4;11;31;100;LTC4 Uptake Inhibition;BHK-21;Transfected with Human ABCC1 / Membrane Vesicles;Human;nd;CVCL_1914;CCL-10;10973801;GSH Uptake;H69AR;Membrane Vesicles;Human;nd;CVCL_3513;CRL-11351;10973801;nd;nd;nd;nd;nd;nd;nd;nd;nd;nd;nd;nd;nd;nd;nd;nd;nd;nd;nd;nd;nd;nd;nd;nd
ABCC1_Activation_Dataset_ID_0143;Verapamil Dithian Derivative Ro 11-1769;nd;3-(2-(4-chlorophenyl)-1,3-dithian-2-yl)-N-(3,4-dimethoxyphenethyl)-N-methylpropan-1-amine;22758362;nd;nd;nd;nd;Verapamil (Analog);4;COC1=CC(CCN(C)CCCC2(SCCCS2)C3=CC=C(Cl)C=C3)=CC=C1OC;7.00;-6.71;466.11;13.26;21.70;0;3;10;30;100;LTC4 Uptake Inhibition;BHK-21;Transfected with Human ABCC1 / Membrane Vesicles;Human;nd;CVCL_1914;CCL-10;10973801;GSH Uptake;H69AR;Membrane Vesicles;Human;nd;CVCL_3513;CRL-11351;10973801;nd;nd;nd;nd;nd;nd;nd;nd;nd;nd;nd;nd;nd;nd;nd;nd;nd;nd;nd;nd;nd;nd;nd;nd
ABCC1_Activation_Dataset_ID_0144;Verapamil Dithian Derivative Ro 11-2751;nd;N-(3,4-dimethoxyphenethyl)-3-(2-(3,5-dimethoxyphenyl)-1,3-dithian-2-yl)-N-methylpropan-1-amine;10435741;nd;nd;nd;nd;Verapamil (Analog);4;COC1=CC(OC)=CC(C2(SCCCS2)CCCN(C)CCC3=CC=C(OC)C(OC)=C3)=C1;6.44;-6.08;491.72;14.04;40.16;0;5;12;33;100;LTC4 Uptake Inhibition;BHK-21;Transfected with Human ABCC1 / Membrane Vesicles;Human;nd;CVCL_1914;CCL-10;10973801;GSH Uptake;H69AR;Membrane Vesicles;Human;nd;CVCL_3513;CRL-11351;10973801;nd;nd;nd;nd;nd;nd;nd;nd;nd;nd;nd;nd;nd;nd;nd;nd;nd;nd;nd;nd;nd;nd;nd;nd
ABCC1_Activation_Dataset_ID_0145;Verapamil Dithian Derivative Ro 11-2933;nd;N-(3,4-dimethoxyphenethyl)-N-methyl-3-(2-(naphthalen-2-yl)-1,3-dithian-2-yl)propan-1-amine;115215;nd;nd;nd;98600-65-8;Verapamil (Analog);4;COC1=CC(CCN(C)CCCC2(SCCCS2)C3=CC(C=CC=C4)=C4C=C3)=CC=C1OC;7.67;-7.86;481.73;14.36;21.70;0;3;10;33;100;LTC4 Uptake Inhibition;BHK-21;Transfected with Human ABCC1 / Membrane Vesicles;Human;nd;CVCL_1914;CCL-10;10973801;GSH Uptake;H69AR;Membrane Vesicles;Human;nd;CVCL_3513;CRL-11351;10973801;nd;nd;nd;nd;nd;nd;nd;nd;nd;nd;nd;nd;nd;nd;nd;nd;nd;nd;nd;nd;nd;nd;nd;nd
ABCC1_Activation_Dataset_ID_0146;Verapamil Dithian Derivative Ro 11-3662;nd;1-((3,4-dimethoxyphenethyl)(methyl)amino)-3-(2-(3,4-dimethoxyphenyl)-1,3-dithian-2-yl)propan-2-ol;10458909;nd;nd;nd;nd;Verapamil (Analog);4;COC1=C(OC)C=CC(C2(SCCCS2)CC(O)CN(C)CCC3=CC=C(OC)C(OC)=C3)=C1;5.10;-5.68;507.72;14.18;60.39;1;6;12;34;100;LTC4 Uptake Inhibition;BHK-21;Transfected with Human ABCC1 / Membrane Vesicles;Human;nd;CVCL_1914;CCL-10;10973801;GSH Uptake;H69AR;Membrane Vesicles;Human;nd;CVCL_3513;CRL-11351;10973801;nd;nd;nd;nd;nd;nd;nd;nd;nd;nd;nd;nd;nd;nd;nd;nd;nd;nd;nd;nd;nd;nd;nd;nd
ABCC1_Activation_Dataset_ID_0147;Verapamil Dithian Derivative Ro 11-4298;nd;N-(3,4-dimethoxyphenethyl)-3-(2-(3,4-dimethoxyphenyl)-1,3-dithian-2-yl)propan-1-amine;10435166;nd;nd;nd;nd;Verapamil (Analog);4;COC1=CC(CCNCCCC2(SCCCS2)C3=CC(OC)=C(OC)C=C3)=CC=C1OC;5.84;-5.95;477.69;13.59;48.95;1;5;12;32;100;LTC4 Uptake Inhibition;BHK-21;Transfected with Human ABCC1 / Membrane Vesicles;Human;nd;CVCL_1914;CCL-10;10973801;GSH Uptake;H69AR;Membrane Vesicles;Human;nd;CVCL_3513;CRL-11351;10973801;nd;nd;nd;nd;nd;nd;nd;nd;nd;nd;nd;nd;nd;nd;nd;nd;nd;nd;nd;nd;nd;nd;nd;nd
ABCC1_Activation_Dataset_ID_0148;Verapamil Dithian Derivative Ro 44-5911;nd;(R)-N-(3,4-dimethoxyphenethyl)-3-(2-(3,4-dimethoxyphenyl)-1,3-dithian-2-yl)-N,2-dimethylpropan-1-amine;3074892;nd;nd;nd;168037-92-1;Verapamil (Analog);4;COC1=C(OC)C=CC(C2(SCCCS2)C[C@@H](C)CN(C)CCC3=CC=C(OC)C(OC)=C3)=C1;6.47;-6.28;505.74;14.48;40.16;0;5;12;34;100;LTC4 Uptake Inhibition;BHK-21;Transfected with Human ABCC1 / Membrane Vesicles;Human;nd;CVCL_1914;CCL-10;10973801;GSH Uptake;H69AR;Membrane Vesicles;Human;nd;CVCL_3513;CRL-11351;10973801;nd;nd;nd;nd;nd;nd;nd;nd;nd;nd;nd;nd;nd;nd;nd;nd;nd;nd;nd;nd;nd;nd;nd;nd
ABCC1_Activation_Dataset_ID_0149;Verapamil Dithian Derivative Ro 44-5912;nd;(S)-N-(3,4-dimethoxyphenethyl)-3-(2-(3,4-dimethoxyphenyl)-1,3-dithian-2-yl)-N,2-dimethylpropan-1-amine;197370;nd;nd;nd;168037-93-2;Verapamil (Analog);4;COC1=C(OC)C=CC(C2(SCCCS2)C[C@H](C)CN(C)CCC3=CC=C(OC)C(OC)=C3)=C1;6.47;-6.28;505.74;14.48;40.16;0;5;12;34;100;LTC4 Uptake Inhibition;BHK-21;Transfected with Human ABCC1 / Membrane Vesicles;Human;nd;CVCL_1914;CCL-10;10973801;GSH Uptake;H69AR;Membrane Vesicles;Human;nd;CVCL_3513;CRL-11351;10973801;nd;nd;nd;nd;nd;nd;nd;nd;nd;nd;nd;nd;nd;nd;nd;nd;nd;nd;nd;nd;nd;nd;nd;nd
ABCC1_Activation_Dataset_ID_0150;Verapamil Dithian Tetraoxid Derivative Ro 11-1781;Tiapamil;2-(3-((3,4-dimethoxyphenethyl)(methyl)amino)propyl)-2-(3,4-dimethoxyphenyl)-1,3-dithiane 1,1,3,3-tetraoxide;42107;CHEMBL125737;nd;nd;57010-31-8;Verapamil (Analog);4;COC1=CC(CCN(C)CCCC2(S(CCCS(=O)2=O)(=O)=O)C3=CC(OC)=C(OC)C=C3)=CC=C1OC;3.32;-4.32;555.71;14.46;108.44;0;9;12;37;100;LTC4 Uptake Inhibition;BHK-21;Transfected with Human ABCC1 / Membrane Vesicles;Human;nd;CVCL_1914;CCL-10;10973801;GSH Uptake;H69AR;Membrane Vesicles;Human;nd;CVCL_3513;CRL-11351;10973801;nd;nd;nd;nd;nd;nd;nd;nd;nd;nd;nd;nd;nd;nd;nd;nd;nd;nd;nd;nd;nd;nd;nd;nd
ABCC1_Activation_Dataset_ID_0151;Verapamil Dithian Tetraoxid Derivative Ro 11-3651;nd;2-(3-((3,4-dimethoxyphenethyl)(methyl)amino)propyl)-2-(naphthalen-2-yl)-1,3-dithiane 1,1,3,3-tetraoxide;10030339;nd;nd;nd;nd;Verapamil (Analog);4;COC1=CC(CCN(C)CCCC2(S(CCCS(=O)2=O)(=O)=O)C3=CC(C=CC=C4)=C4C=C3)=CC=C1OC;4.88;-6.10;545.72;14.81;89.98;0;7;10;37;100;LTC4 Uptake Inhibition;BHK-21;Transfected with Human ABCC1 / Membrane Vesicles;Human;nd;CVCL_1914;CCL-10;10973801;GSH Uptake;H69AR;Membrane Vesicles;Human;nd;CVCL_3513;CRL-11351;10973801;nd;nd;nd;nd;nd;nd;nd;nd;nd;nd;nd;nd;nd;nd;nd;nd;nd;nd;nd;nd;nd;nd;nd;nd
ABCC1_Activation_Dataset_ID_0152;Verapamil Dithian Tetraoxid Derivative Ro 11-3752;nd;N-(3,4-dimethoxyphenethyl)-3-(2-(3,4-dimethoxyphenyl)-1,1,3,3-tetraoxido-1,3-dithian-2-yl)-N-methylpropan-1-amine oxide;nd;nd;nd;nd;nd;Verapamil (Analog);4;COC1=CC(CC[N+](C)([O-])CCCC2(S(CCCS(=O)2=O)(=O)=O)C3=CC(OC)=C(OC)C=C3)=CC=C1OC;3.18;-4.65;571.71;14.56;122.27;0;9;12;38;100;LTC4 Uptake Inhibition;BHK-21;Transfected with Human ABCC1 / Membrane Vesicles;Human;nd;CVCL_1914;CCL-10;10973801;GSH Uptake;H69AR;Membrane Vesicles;Human;nd;CVCL_3513;CRL-11351;10973801;nd;nd;nd;nd;nd;nd;nd;nd;nd;nd;nd;nd;nd;nd;nd;nd;nd;nd;nd;nd;nd;nd;nd;nd
ABCC1_Activation_Dataset_ID_0153;Verapamil Dithian Tetraoxid Derivative Ro 11-3890;nd;2-(3-((3,4-dimethoxyphenethyl)(methyl)amino)propyl)-2-(thiophen-2-yl)-1,3-dithiane 1,1,3,3-tetraoxide;nd;nd;nd;nd;nd;Verapamil (Analog);4;CN(CCC1=CC=C(OC)C(OC)=C1)CCCC2(S(CCCS(=O)2=O)(=O)=O)C3=CC=CS3;3.15;-4.03;501.69;13.03;89.98;0;7;10;32;100;LTC4 Uptake Inhibition;BHK-21;Transfected with Human ABCC1 / Membrane Vesicles;Human;nd;CVCL_1914;CCL-10;10973801;GSH Uptake;H69AR;Membrane Vesicles;Human;nd;CVCL_3513;CRL-11351;10973801;nd;nd;nd;nd;nd;nd;nd;nd;nd;nd;nd;nd;nd;nd;nd;nd;nd;nd;nd;nd;nd;nd;nd;nd
ABCC1_Activation_Dataset_ID_0154;Verapamil Dithian Tetraoxid Derivative Ro 11-5220;nd;2-(3,4-dimethoxyphenyl)-2-(3-(methylamino)propyl)-1,3-dithiane 1,1,3,3-tetraoxide;12462835;nd;nd;nd;nd;Verapamil (Analog);4;CNCCCC1(S(CCCS(=O)1=O)(=O)=O)C2=CC(OC)=C(OC)C=C2;1.48;-2.26;391.51;9.74;98.77;1;7;7;25;100;LTC4 Uptake Inhibition;BHK-21;Transfected with Human ABCC1 / Membrane Vesicles;Human;nd;CVCL_1914;CCL-10;10973801;GSH Uptake;H69AR;Membrane Vesicles;Human;nd;CVCL_3513;CRL-11351;10973801;nd;nd;nd;nd;nd;nd;nd;nd;nd;nd;nd;nd;nd;nd;nd;nd;nd;nd;nd;nd;nd;nd;nd;nd
ABCC1_Activation_Dataset_ID_0155;Vinblastine;nd;methyl (3aR,3a1R,4R,5S,5aR,10bR)-4-acetoxy-3a-ethyl-9-((5S,7R,9S)-5-ethyl-5-hydroxy-9-(methoxycarbonyl)-1,4,5,6,7,8,9,10-octahydro-2H-3,7-methano[1]azacycloundecino[5,4-b]indol-9-yl)-5-hydroxy-8-methoxy-6-methyl-3a,3a1,4,5,5a,6,11,12-octahydro-1H-indolizino[8,1-cd]carbazole-5-carboxylate;13342;CHEMBL159;DB00570;6851;865-21-4;Vinca Alkaloid;8;CC[C@@]1(C[C@H]2C[C@@](C3=C(CCN(C2)C1)C4=CC=CC=C4N3)(C5=C(C=C6C(=C5)[C@]78CCN9[C@H]7[C@@](C=CC9)([C@H]([C@@]([C@@H]8N6C)(C(=O)OC)O)OC(=O)C)CC)OC)C(=O)OC)O;5.01;-6.88;810.99;21.97;154.10;3;8;7;59;100;GSH Uptake;HeLa T14;Transfected with Human ABCC1 / Membrane Vesicles;Human;SIDM00846;CVCL_0030;CRM-CCL-2;9823323;nd;nd;nd;nd;nd;nd;nd;nd;nd;nd;nd;nd;nd;nd;nd;nd;nd;nd;nd;nd;nd;nd;nd;nd;nd;nd;nd;nd;nd;nd;nd;nd
ABCC1_Activation_Dataset_ID_0156;Vincristine;nd;methyl (3aR,3a1R,4R,5S,5aR,10bR)-4-acetoxy-3a-ethyl-9-((5S,7S,9S)-5-ethyl-5-hydroxy-9-(methoxycarbonyl)-1,4,5,6,7,8,9,10-octahydro-2H-3,7-methano[1]azacycloundecino[5,4-b]indol-9-yl)-6-formyl-5-hydroxy-8-methoxy-3a,3a1,4,5,5a,6,11,12-octahydro-1H-indolizino[8,1-cd]carbazole-5-carboxylate;5978;CHEMBL90555;DB00541;6785;57-22-7;Vinca Alkaloid;8;CC[C@@]1(C[C@@H]2C[C@@](C3=C(CCN(C2)C1)C4=CC=CC=C4N3)(C5=C(C=C6C(=C5)[C@]78CCN9[C@H]7[C@@](C=CC9)([C@H]([C@@]([C@@H]8N6C=O)(C(=O)OC)O)OC(=O)C)CC)OC)C(=O)OC)O;4.55;-6.95;824.97;22.09;171.17;3;9;8;60;5-200;GSH Efflux;CCRF-CEM;Selected over 1000 ng/mL of Epirubicin;Human;SIDM00121;CVCL_0207;CCL-119;11448450;GSH Uptake;HeLa T14;Transfected with Human ABCC1 / Membrane Vesicles;Human;SIDM00846;CVCL_0030;CRM-CCL-2;9823323;nd;nd;nd;nd;nd;nd;nd;nd;nd;nd;nd;nd;nd;nd;nd;nd;nd;nd;nd;nd;nd;nd;nd;nd
ABCC1_Activation_Dataset_ID_0157;Xanthone Derivative 10;nd;1,3-dihydroxy-6-methyl-9H-xanthen-9-one;13031894;CHEMBL4080686;nd;nd;nd;Xanthone;12;O=C(C(C=CC(C)=C1)=C1O2)C3=C2C=C(O)C=C3O;2.45;-3.76;242.23;6.45;66.76;2;3;0;18;20;GSH Efflux;BHK-21;Transfected with Human ABCC1;Human;nd;CVCL_1914;CCL-10;21634011;nd;nd;nd;nd;nd;nd;nd;nd;nd;nd;nd;nd;nd;nd;nd;nd;nd;nd;nd;nd;nd;nd;nd;nd;nd;nd;nd;nd;nd;nd;nd;nd
ABCC1_Activation_Dataset_ID_0158;Xanthone Derivative 11;nd;1-hydroxy-3,6-dimethyl-9H-xanthen-9-one;13031895;nd;nd;nd;39156-37-1;Xanthone;12;O=C(C(C=CC(C)=C1)=C1O2)C3=C2C=C(C)C=C3O;3.06;-4.59;240.26;6.77;46.53;1;2;0;18;20;GSH Efflux;BHK-21;Transfected with Human ABCC1;Human;nd;CVCL_1914;CCL-10;21634011;nd;nd;nd;nd;nd;nd;nd;nd;nd;nd;nd;nd;nd;nd;nd;nd;nd;nd;nd;nd;nd;nd;nd;nd;nd;nd;nd;nd;nd;nd;nd;nd
ABCC1_Activation_Dataset_ID_0159;Xanthone Derivative 12;nd;1-hydroxy-3-methoxy-9H-xanthen-9-one;5491377;CHEMBL188014;nd;nd;18799-43-4;Xanthone;12;O=C(C(C=CC=C1)=C1O2)C3=C2C=C(OC)C=C3O;2.38;-3.70;242.23;6.50;55.76;1;3;1;18;20;GSH Efflux;BHK-21;Transfected with Human ABCC1;Human;nd;CVCL_1914;CCL-10;21634011;nd;nd;nd;nd;nd;nd;nd;nd;nd;nd;nd;nd;nd;nd;nd;nd;nd;nd;nd;nd;nd;nd;nd;nd;nd;nd;nd;nd;nd;nd;nd;nd
ABCC1_Activation_Dataset_ID_0160;Xanthone Derivative 14;nd;1,3,5-trihydroxy-9H-xanthen-9-one;5281663;CHEMBL365234;nd;nd;6732-85-0;Xanthone;12;O=C(C(C=CC=C1O)=C1O2)C3=C2C=C(O)C=C3O;1.81;-2.92;244.20;6.11;86.99;3;4;0;18;20;GSH Efflux;BHK-21;Transfected with Human ABCC1;Human;nd;CVCL_1914;CCL-10;21634011;nd;nd;nd;nd;nd;nd;nd;nd;nd;nd;nd;nd;nd;nd;nd;nd;nd;nd;nd;nd;nd;nd;nd;nd;nd;nd;nd;nd;nd;nd;nd;nd
ABCC1_Activation_Dataset_ID_0161;Xanthone Derivative 15;nd;1,3,6-trihydroxy-9H-xanthen-9-one;10800304;CHEMBL468353;nd;nd;nd;Xanthone;12;O=C(C(C=CC(O)=C1)=C1O2)C3=C2C=C(O)C=C3O;1.85;-2.92;244.20;6.10;86.99;3;4;0;18;20;GSH Efflux;BHK-21;Transfected with Human ABCC1;Human;nd;CVCL_1914;CCL-10;21634011;nd;nd;nd;nd;nd;nd;nd;nd;nd;nd;nd;nd;nd;nd;nd;nd;nd;nd;nd;nd;nd;nd;nd;nd;nd;nd;nd;nd;nd;nd;nd;nd
ABCC1_Activation_Dataset_ID_0162;Xanthone Derivative 16;nd;1-hydroxy-6-methoxy-3-((2-methylprop-1-en-1-yl)oxy)-9H-xanthen-9-one;nd;nd;nd;nd;nd;Xanthone;12;O=C(C(C=CC(OC)=C1)=C1O2)C3=C2C=C(O/C=C(C)/C)C=C3O;2.77;-3.95;312.32;8.47;64.99;1;3;3;23;20;GSH Efflux;BHK-21;Transfected with Human ABCC1;Human;nd;CVCL_1914;CCL-10;21634011;nd;nd;nd;nd;nd;nd;nd;nd;nd;nd;nd;nd;nd;nd;nd;nd;nd;nd;nd;nd;nd;nd;nd;nd;nd;nd;nd;nd;nd;nd;nd;nd
ABCC1_Activation_Dataset_ID_0163;Xanthone Derivative 17;nd;6-methoxy-1,3-bis((2-methylprop-1-en-1-yl)oxy)-9H-xanthen-9-one;nd;nd;nd;nd;nd;Xanthone;12;O=C(C(C=CC(OC)=C1)=C1O2)C3=C2C=C(O/C=C(C)/C)C=C3O/C=C(C)/C;3.43;-4.57;366.41;10.31;53.99;0;2;5;27;20;GSH Efflux;BHK-21;Transfected with Human ABCC1;Human;nd;CVCL_1914;CCL-10;21634011;nd;nd;nd;nd;nd;nd;nd;nd;nd;nd;nd;nd;nd;nd;nd;nd;nd;nd;nd;nd;nd;nd;nd;nd;nd;nd;nd;nd;nd;nd;nd;nd
ABCC1_Activation_Dataset_ID_0164;Xanthone Derivative 18;nd;1-hydroxy-3,6-dimethoxy-9H-xanthen-9-one;5382900;CHEMBL2029702;nd;nd;39731-31-2;Xanthone;12;O=C(C(C=CC(OC)=C1)=C1O2)C3=C2C=C(OC)C=C3O;2.37;-3.75;272.26;7.14;64.99;1;4;2;20;20;GSH Efflux;BHK-21;Transfected with Human ABCC1;Human;nd;CVCL_1914;CCL-10;21634011;nd;nd;nd;nd;nd;nd;nd;nd;nd;nd;nd;nd;nd;nd;nd;nd;nd;nd;nd;nd;nd;nd;nd;nd;nd;nd;nd;nd;nd;nd;nd;nd
ABCC1_Activation_Dataset_ID_0165;Xanthone Derivative 19;nd;1,3,6-trimethoxy-9H-xanthen-9-one;15267574;nd;nd;nd;39731-22-1;Xanthone;12;O=C(C(C=CC(OC)=C1)=C1O2)C3=C2C=C(OC)C=C3OC;2.64;-4.16;286.28;7.65;53.99;0;4;3;21;20;GSH Efflux;BHK-21;Transfected with Human ABCC1;Human;nd;CVCL_1914;CCL-10;21634011;nd;nd;nd;nd;nd;nd;nd;nd;nd;nd;nd;nd;nd;nd;nd;nd;nd;nd;nd;nd;nd;nd;nd;nd;nd;nd;nd;nd;nd;nd;nd;nd
ABCC1_Activation_Dataset_ID_0166;Xanthone Derivative 2;nd;1-hydroxy-5-methoxy-9H-xanthen-9-one;86168207;CHEMBL4862786;nd;nd;nd;Xanthone;12;O=C(C(C=CC=C1OC)=C1O2)C3=C2C=CC=C3O;2.31;-3.70;242.23;6.51;55.76;1;3;1;18;20;GSH Efflux;BHK-21;Transfected with Human ABCC1;Human;nd;CVCL_1914;CCL-10;21634011;nd;nd;nd;nd;nd;nd;nd;nd;nd;nd;nd;nd;nd;nd;nd;nd;nd;nd;nd;nd;nd;nd;nd;nd;nd;nd;nd;nd;nd;nd;nd;nd
ABCC1_Activation_Dataset_ID_0167;Xanthone Derivative 21;nd;1,6-dimethoxy-9-oxo-9H-xanthen-3-yl benzoate;nd;nd;nd;nd;nd;Xanthone;12;O=C(C(C=CC(OC)=C1)=C1O2)C3=C2C=C(OC(C4=CC=CC=C4)=O)C=C3OC;4.28;-6.22;376.36;10.21;71.06;0;4;4;28;20;GSH Efflux;BHK-21;Transfected with Human ABCC1;Human;nd;CVCL_1914;CCL-10;21634011;nd;nd;nd;nd;nd;nd;nd;nd;nd;nd;nd;nd;nd;nd;nd;nd;nd;nd;nd;nd;nd;nd;nd;nd;nd;nd;nd;nd;nd;nd;nd;nd
ABCC1_Activation_Dataset_ID_0168;Xanthone Derivative 22;nd;N-(6,8-dihydroxy-9-oxo-9H-xanthen-3-yl)-2,2,2-trifluoroacetamide;nd;nd;nd;nd;nd;Xanthone;12;O=C(C(C=CC(NC(C(F)(F)F)=O)=C1)=C1O2)C3=C2C=C(O)C=C3O;2.08;-4.57;339.22;7.43;95.86;3;4;1;24;20;GSH Efflux;BHK-21;Transfected with Human ABCC1;Human;nd;CVCL_1914;CCL-10;21634011;nd;nd;nd;nd;nd;nd;nd;nd;nd;nd;nd;nd;nd;nd;nd;nd;nd;nd;nd;nd;nd;nd;nd;nd;nd;nd;nd;nd;nd;nd;nd;nd
ABCC1_Activation_Dataset_ID_0169;Xanthone Derivative 23;nd;6-amino-1,3-dihydroxy-9H-xanthen-9-one;141478542;nd;nd;nd;nd;Xanthone;12;O=C(C(C=CC(N)=C1)=C1O2)C3=C2C=C(O)C=C3O;1.48;-3.00;243.22;6.29;92.78;3;3;0;18;20;GSH Efflux;BHK-21;Transfected with Human ABCC1;Human;nd;CVCL_1914;CCL-10;21634011;nd;nd;nd;nd;nd;nd;nd;nd;nd;nd;nd;nd;nd;nd;nd;nd;nd;nd;nd;nd;nd;nd;nd;nd;nd;nd;nd;nd;nd;nd;nd;nd
ABCC1_Activation_Dataset_ID_0170;Xanthone Derivative 5;nd;1-hydroxy-3-methyl-9H-xanthen-9-one;5491639;CHEMBL91383;nd;nd;39156-34-8;Xanthone;12;O=C(C(C=CC=C1)=C1O2)C3=C2C=C(C)C=C3O;2.72;-4.12;226.23;6.32;46.53;1;2;0;17;20;GSH Efflux;BHK-21;Transfected with Human ABCC1;Human;nd;CVCL_1914;CCL-10;21634011;nd;nd;nd;nd;nd;nd;nd;nd;nd;nd;nd;nd;nd;nd;nd;nd;nd;nd;nd;nd;nd;nd;nd;nd;nd;nd;nd;nd;nd;nd;nd;nd
ABCC1_Activation_Dataset_ID_0171;Xanthone Derivative 6;nd;1-hydroxy-5-methoxy-3-methyl-9H-xanthen-9-one;nd;nd;nd;nd;nd;Xanthone;12;O=C(C(C=CC=C1OC)=C1O2)C3=C2C=C(C)C=C3O;2.68;-4.17;256.26;6.96;55.76;1;3;1;19;20;GSH Efflux;BHK-21;Transfected with Human ABCC1;Human;nd;CVCL_1914;CCL-10;21634011;nd;nd;nd;nd;nd;nd;nd;nd;nd;nd;nd;nd;nd;nd;nd;nd;nd;nd;nd;nd;nd;nd;nd;nd;nd;nd;nd;nd;nd;nd;nd;nd
ABCC1_Activation_Dataset_ID_0172;Xanthone Derivative 7;nd;1,3-dihydroxy-5-methoxy-9H-xanthen-9-one;12026489;nd;nd;nd;nd;Xanthone;12;O=C(C(C=CC=C1OC)=C1O2)C3=C2C=C(O)C=C3O;2.07;-3.33;258.23;6.63;75.99;2;4;1;19;20;GSH Efflux;BHK-21;Transfected with Human ABCC1;Human;nd;CVCL_1914;CCL-10;21634011;nd;nd;nd;nd;nd;nd;nd;nd;nd;nd;nd;nd;nd;nd;nd;nd;nd;nd;nd;nd;nd;nd;nd;nd;nd;nd;nd;nd;nd;nd;nd;nd
ABCC1_Activation_Dataset_ID_0173;Xanthone Derivative 8;nd;1,3-dihydroxy-9H-xanthen-9-one;5488193;CHEMBL388525;nd;nd;3875-68-1;Xanthone;12;O=C(C(C=CC=C1)=C1O2)C3=C2C=C(O)C=C3O;2.12;-3.28;228.20;5.99;66.76;2;3;0;17;20;GSH Efflux;BHK-21;Transfected with Human ABCC1;Human;nd;CVCL_1914;CCL-10;21634011;nd;nd;nd;nd;nd;nd;nd;nd;nd;nd;nd;nd;nd;nd;nd;nd;nd;nd;nd;nd;nd;nd;nd;nd;nd;nd;nd;nd;nd;nd;nd;nd
ABCC1_Activation_Dataset_ID_0174;Xanthone Derivative 9;nd;1,3-dihydroxy-6-methoxy-9H-xanthen-9-one;46866697;CHEMBL2029701;nd;nd;52606-31-2;Xanthone;12;O=C(C(C=CC(OC)=C1)=C1O2)C3=C2C=C(O)C=C3O;2.11;-3.33;258.23;6.62;75.99;2;4;1;19;20;GSH Efflux;BHK-21;Transfected with Human ABCC1;Human;nd;CVCL_1914;CCL-10;21634011;nd;nd;nd;nd;nd;nd;nd;nd;nd;nd;nd;nd;nd;nd;nd;nd;nd;nd;nd;nd;nd;nd;nd;nd;nd;nd;nd;nd;nd;nd;nd;nd
